time,open,high,low,close,volume,symbol
2020-01-02,2.73,2.8,2.66,2.73,416346,LPB
2020-01-03,2.73,2.73,2.7,2.73,79257,LPB
2020-01-06,2.7,2.7,2.66,2.66,118620,LPB
2020-01-07,2.66,2.7,2.62,2.66,144955,LPB
2020-01-08,2.62,2.66,2.62,2.66,197038,LPB
2020-01-09,2.62,2.7,2.62,2.66,310444,LPB
2020-01-10,2.66,2.77,2.66,2.77,495515,LPB
2020-01-13,2.73,2.77,2.73,2.73,198130,LPB
2020-01-14,2.73,2.77,2.7,2.73,487555,LPB
2020-01-15,2.73,2.73,2.7,2.73,566760,LPB
2020-01-16,2.73,2.77,2.7,2.77,493302,LPB
2020-01-17,2.73,2.8,2.73,2.77,636570,LPB
2020-01-20,2.77,2.84,2.73,2.8,744140,LPB
2020-01-21,2.8,2.84,2.8,2.8,549545,LPB
2020-01-22,2.88,2.88,2.8,2.88,410662,LPB
2020-01-30,2.84,2.88,2.73,2.73,1097030,LPB
2020-01-31,2.73,2.77,2.62,2.66,1697740,LPB
2020-02-03,2.66,2.66,2.48,2.59,2169576,LPB
2020-02-04,2.59,2.7,2.59,2.7,783597,LPB
2020-02-05,2.97,2.97,2.73,2.77,2219653,LPB
2020-02-06,2.77,2.89,2.73,2.81,1525378,LPB
2020-02-07,2.81,2.85,2.73,2.85,1486586,LPB
2020-02-10,2.85,2.85,2.77,2.77,523143,LPB
2020-02-11,2.81,2.85,2.77,2.81,778552,LPB
2020-02-12,2.77,2.81,2.77,2.77,1231874,LPB
2020-02-13,2.73,2.81,2.73,2.77,1410681,LPB
2020-02-14,2.77,2.97,2.73,2.93,2780776,LPB
2020-02-17,2.93,2.97,2.85,2.93,1340603,LPB
2020-02-18,2.89,2.93,2.81,2.85,1317677,LPB
2020-02-19,2.81,2.85,2.81,2.81,372128,LPB
2020-02-20,2.81,2.85,2.77,2.81,1820975,LPB
2020-02-21,2.81,2.81,2.69,2.77,1203744,LPB
2020-02-24,2.73,2.77,2.61,2.65,1904465,LPB
2020-02-25,2.61,2.69,2.61,2.65,1763709,LPB
2020-02-26,2.65,2.73,2.65,2.73,542375,LPB
2020-02-27,2.69,2.81,2.69,2.81,985927,LPB
2020-02-28,2.77,2.81,2.69,2.81,3306812,LPB
2020-03-02,2.81,3.12,2.73,3.12,8209563,LPB
2020-03-03,3.16,3.44,3.12,3.44,3685507,LPB
2020-03-04,3.91,3.91,3.48,3.56,7176240,LPB
2020-03-05,3.56,3.6,3.36,3.44,5784282,LPB
2020-03-06,3.44,3.48,3.2,3.36,3136749,LPB
2020-03-09,3.24,3.24,2.85,2.85,6014031,LPB
2020-03-10,2.57,3.08,2.57,3.01,4247181,LPB
2020-03-11,3.04,3.12,2.85,2.97,3315439,LPB
2020-03-12,2.93,2.93,2.77,2.85,3955543,LPB
2020-03-13,2.77,2.85,2.61,2.81,4100928,LPB
2020-03-16,2.85,2.85,2.69,2.73,2630457,LPB
2020-03-17,2.73,2.81,2.61,2.77,1784834,LPB
2020-03-18,2.81,2.81,2.69,2.73,3207888,LPB
2020-03-19,2.73,2.77,2.65,2.69,1521993,LPB
2020-03-20,2.73,2.73,2.61,2.69,1231949,LPB
2020-03-23,2.57,2.65,2.25,2.33,8131405,LPB
2020-03-24,2.29,2.45,2.25,2.41,2590936,LPB
2020-03-25,2.45,2.57,2.45,2.53,3116157,LPB
2020-03-26,2.49,2.53,2.33,2.37,2564185,LPB
2020-03-27,2.37,2.45,2.37,2.37,2121890,LPB
2020-03-30,2.37,2.37,2.1,2.21,2334334,LPB
2020-03-31,2.21,2.33,2.14,2.21,2241165,LPB
2020-04-01,2.17,2.45,2.17,2.41,3814282,LPB
2020-04-03,2.41,2.45,2.33,2.37,3154772,LPB
2020-04-06,2.41,2.61,2.41,2.57,4070248,LPB
2020-04-07,2.61,2.65,2.49,2.53,1605253,LPB
2020-04-08,2.49,2.53,2.41,2.49,2262367,LPB
2020-04-09,2.49,2.65,2.49,2.57,4539160,LPB
2020-04-10,2.57,2.61,2.53,2.57,1626554,LPB
2020-04-13,2.49,2.65,2.49,2.61,2775624,LPB
2020-04-14,2.57,2.61,2.49,2.57,1755932,LPB
2020-04-15,2.57,2.89,2.53,2.81,5284718,LPB
2020-04-16,2.81,2.93,2.77,2.85,4387633,LPB
2020-04-17,2.89,2.93,2.81,2.89,2625533,LPB
2020-04-20,2.89,2.89,2.73,2.81,3597729,LPB
2020-04-21,2.77,2.81,2.57,2.65,4379322,LPB
2020-04-22,2.61,2.81,2.61,2.73,2899672,LPB
2020-04-23,2.77,2.85,2.73,2.77,2012076,LPB
2020-04-24,2.77,2.77,2.69,2.73,1878442,LPB
2020-04-27,2.73,2.77,2.65,2.73,3097311,LPB
2020-04-28,2.69,2.81,2.65,2.77,1848906,LPB
2020-04-29,2.77,2.81,2.73,2.77,1750041,LPB
2020-05-04,2.77,2.85,2.73,2.81,2502254,LPB
2020-05-05,2.81,2.85,2.73,2.81,678458,LPB
2020-05-06,2.77,2.81,2.73,2.81,1348002,LPB
2020-05-07,2.81,2.85,2.77,2.81,2083412,LPB
2020-05-08,2.85,2.97,2.81,2.93,8446632,LPB
2020-05-11,2.97,3.12,2.89,3.08,4334388,LPB
2020-05-12,3.08,3.08,2.97,3.08,2067185,LPB
2020-05-13,3.04,3.08,2.97,3.04,4240561,LPB
2020-05-14,3.01,3.04,2.97,2.97,2562010,LPB
2020-05-15,2.97,3.01,2.89,2.93,2311012,LPB
2020-05-18,2.93,2.93,2.85,2.93,1762092,LPB
2020-05-19,2.93,3.04,2.89,3.04,3790231,LPB
2020-05-20,3.04,3.04,2.93,3.01,2565542,LPB
2020-05-21,3.01,3.01,2.93,3.01,1888265,LPB
2020-05-22,3.01,3.08,2.93,3.01,3827220,LPB
2020-05-25,3.01,3.04,2.97,3.04,2056484,LPB
2020-05-26,3.01,3.04,3.01,3.04,1559011,LPB
2020-05-27,3.04,3.24,3.04,3.08,8083646,LPB
2020-05-28,3.08,3.16,3.04,3.12,1471180,LPB
2020-05-29,3.12,3.12,3.04,3.12,984369,LPB
2020-06-01,3.12,3.2,3.04,3.16,6377627,LPB
2020-06-02,3.16,3.56,3.16,3.44,18040091,LPB
2020-06-03,3.44,3.52,3.36,3.44,2630169,LPB
2020-06-04,3.44,3.52,3.4,3.44,4788944,LPB
2020-06-05,3.44,3.48,3.36,3.48,4415904,LPB
2020-06-08,3.48,3.8,3.48,3.76,10915143,LPB
2020-06-09,3.76,3.84,3.64,3.72,5781602,LPB
2020-06-10,3.72,3.76,3.56,3.72,7693618,LPB
2020-06-11,3.72,3.76,3.36,3.44,13622102,LPB
2020-06-12,3.36,3.44,3.2,3.44,5398996,LPB
2020-06-15,3.44,3.72,3.44,3.56,14299534,LPB
2020-06-16,3.6,3.76,3.52,3.56,6169634,LPB
2020-06-17,3.56,3.6,3.44,3.52,4600149,LPB
2020-06-18,3.48,3.52,3.4,3.44,2877300,LPB
2020-06-19,3.44,3.56,3.44,3.52,4116862,LPB
2020-06-22,3.52,3.64,3.48,3.56,6715862,LPB
2020-06-23,3.6,3.6,3.48,3.56,3643448,LPB
2020-06-24,3.52,3.56,3.44,3.48,3219226,LPB
2020-06-25,3.44,3.48,3.36,3.48,3199133,LPB
2020-06-26,3.44,3.56,3.4,3.48,3708467,LPB
2020-06-29,3.48,3.48,3.16,3.32,5609866,LPB
2020-06-30,3.28,3.36,3.12,3.24,5392704,LPB
2020-07-01,3.24,3.32,3.16,3.32,2438857,LPB
2020-07-02,3.28,3.32,3.2,3.24,1957884,LPB
2020-07-03,3.24,3.28,3.2,3.24,887057,LPB
2020-07-06,3.24,3.4,3.24,3.4,4032779,LPB
2020-07-07,3.4,3.44,3.32,3.36,2855108,LPB
2020-07-08,3.32,3.36,3.28,3.36,1793158,LPB
2020-07-09,3.36,3.48,3.36,3.48,5805693,LPB
2020-07-10,3.44,3.48,3.36,3.44,2967223,LPB
2020-07-13,3.44,3.48,3.36,3.4,2288164,LPB
2020-07-14,3.4,3.4,3.32,3.36,2090593,LPB
2020-07-15,3.4,3.44,3.36,3.4,1659817,LPB
2020-07-16,3.4,3.44,3.36,3.4,801727,LPB
2020-07-17,3.4,3.52,3.4,3.52,7165100,LPB
2020-07-20,3.52,3.52,3.44,3.48,1876129,LPB
2020-07-21,3.48,3.48,3.4,3.48,2486789,LPB
2020-07-22,3.44,3.72,3.44,3.6,13594079,LPB
2020-07-23,3.6,3.6,3.52,3.6,3484035,LPB
2020-07-24,3.56,3.56,3.32,3.4,7881436,LPB
2020-07-27,3.28,3.4,3.04,3.08,14601528,LPB
2020-07-28,3.12,3.4,3.08,3.36,5707558,LPB
2020-07-29,3.36,3.36,3.08,3.16,7018959,LPB
2020-07-30,3.16,3.32,3.16,3.2,5515794,LPB
2020-07-31,3.2,3.28,3.16,3.24,6758575,LPB
2020-08-03,3.2,3.36,3.2,3.32,4466500,LPB
2020-08-04,3.36,3.4,3.32,3.4,4718516,LPB
2020-08-05,3.4,3.4,3.32,3.36,8051717,LPB
2020-08-06,3.36,3.36,3.28,3.32,4177490,LPB
2020-08-07,3.32,3.36,3.28,3.32,3033424,LPB
2020-08-10,3.2,3.44,3.2,3.4,4700583,LPB
2020-08-11,3.4,3.56,3.36,3.48,10802059,LPB
2020-08-12,3.48,3.52,3.4,3.48,3965726,LPB
2020-08-13,3.48,3.48,3.4,3.44,3893016,LPB
2020-08-14,3.44,3.48,3.4,3.48,4218937,LPB
2020-08-17,3.44,3.48,3.4,3.48,5291654,LPB
2020-08-18,3.48,3.56,3.44,3.52,6386540,LPB
2020-08-19,3.52,3.56,3.48,3.56,1927291,LPB
2020-08-20,3.56,3.6,3.48,3.52,4106909,LPB
2020-08-21,3.52,3.56,3.48,3.56,11612065,LPB
2020-08-24,3.56,3.68,3.52,3.64,7331529,LPB
2020-08-25,3.68,3.68,3.6,3.64,4949837,LPB
2020-08-26,3.64,3.64,3.56,3.6,6326148,LPB
2020-08-27,3.56,3.64,3.56,3.64,3354994,LPB
2020-08-28,3.64,3.68,3.6,3.64,4033620,LPB
2020-08-31,3.64,3.68,3.56,3.64,5371176,LPB
2020-09-01,3.6,3.64,3.56,3.64,2448458,LPB
2020-09-03,3.6,3.72,3.6,3.68,5321528,LPB
2020-09-04,3.64,3.64,3.56,3.64,3511267,LPB
2020-09-07,3.64,3.64,3.56,3.56,4384393,LPB
2020-09-08,3.56,3.6,3.52,3.6,4529048,LPB
2020-09-09,3.56,3.64,3.48,3.6,5216650,LPB
2020-09-10,3.6,3.64,3.56,3.6,2050839,LPB
2020-09-11,3.6,3.64,3.56,3.64,2014398,LPB
2020-09-14,3.6,3.99,3.6,3.91,16604438,LPB
2020-09-15,3.84,3.99,3.84,3.88,6308064,LPB
2020-09-16,3.91,3.95,3.84,3.91,4798971,LPB
2020-09-17,3.91,4.07,3.88,3.99,12331748,LPB
2020-09-18,3.99,4.11,3.95,4.11,7918265,LPB
2020-09-21,4.11,4.31,4.07,4.27,16941965,LPB
2020-09-22,4.23,4.31,4.15,4.23,15163068,LPB
2020-09-23,4.27,4.31,4.15,4.23,7112540,LPB
2020-09-24,4.19,4.23,4.11,4.19,6878745,LPB
2020-09-25,4.19,4.43,4.15,4.35,16958500,LPB
2020-09-28,4.31,4.55,4.31,4.55,9448762,LPB
2020-09-29,4.47,4.59,4.43,4.47,8009506,LPB
2020-09-30,4.47,4.51,4.39,4.51,10445074,LPB
2020-10-01,4.51,4.75,4.51,4.71,16953172,LPB
2020-10-02,4.71,4.71,4.51,4.71,14972341,LPB
2020-10-05,4.71,4.71,4.63,4.71,6085600,LPB
2020-10-06,4.71,4.71,4.59,4.67,9314300,LPB
2020-10-07,4.67,4.67,4.55,4.59,6104100,LPB
2020-10-08,4.59,4.63,4.47,4.51,9426100,LPB
2020-10-09,4.55,4.63,4.51,4.63,4777100,LPB
2020-10-12,4.63,4.71,4.55,4.59,6404900,LPB
2020-10-13,4.59,4.63,4.55,4.63,3944200,LPB
2020-10-14,4.63,4.71,4.55,4.71,16282300,LPB
2020-10-15,4.71,5.1,4.67,4.94,33241300,LPB
2020-10-16,5.1,5.1,4.9,4.98,10597600,LPB
2020-10-19,4.98,5.06,4.94,4.98,10097600,LPB
2020-10-20,4.98,4.98,4.78,4.9,14759700,LPB
2020-10-21,4.9,4.98,4.86,4.9,13078800,LPB
2020-10-22,4.9,4.9,4.82,4.9,6915900,LPB
2020-10-23,4.9,4.98,4.86,4.94,11015400,LPB
2020-11-09,4.98,5.1,4.86,4.88,11604700,LPB
2020-11-10,4.94,4.94,4.69,4.71,11107830,LPB
2020-11-11,4.73,4.73,4.57,4.65,7614050,LPB
2020-11-12,4.61,4.65,4.57,4.59,7167760,LPB
2020-11-13,4.59,4.82,4.59,4.8,7041560,LPB
2020-11-16,4.84,4.86,4.69,4.69,7407110,LPB
2020-11-17,4.73,4.75,4.69,4.71,4317120,LPB
2020-11-18,4.71,4.73,4.67,4.73,5542510,LPB
2020-11-19,4.73,4.78,4.71,4.73,5461410,LPB
2020-11-20,4.75,4.86,4.71,4.82,6447420,LPB
2020-11-23,4.82,4.82,4.76,4.78,4513270,LPB
2020-11-24,4.82,4.84,4.75,4.78,6562520,LPB
2020-11-25,4.84,4.86,4.78,4.86,8214750,LPB
2020-11-26,4.86,4.86,4.8,4.84,3867500,LPB
2020-11-27,4.86,4.86,4.8,4.84,7737230,LPB
2020-11-30,4.84,4.98,4.82,4.92,13267960,LPB
2020-12-01,4.86,4.98,4.84,4.98,10367050,LPB
2020-12-02,5.04,5.1,5.02,5.02,13659030,LPB
2020-12-03,5.18,5.26,5.13,5.15,13241160,LPB
2020-12-04,5.13,5.15,5.05,5.07,8481830,LPB
2020-12-07,5.07,5.09,5.02,5.09,7669350,LPB
2020-12-08,5.09,5.11,5.05,5.07,6677910,LPB
2020-12-09,5.07,5.2,5.07,5.15,10123510,LPB
2020-12-10,5.18,5.18,5.07,5.09,9261130,LPB
2020-12-11,5.09,5.13,5.05,5.13,4937270,LPB
2020-12-14,5.15,5.2,5.11,5.15,8880680,LPB
2020-12-15,5.13,5.15,5.09,5.09,7906930,LPB
2020-12-16,5.11,5.31,5.09,5.24,18583680,LPB
2020-12-17,5.26,5.26,5.18,5.2,6939090,LPB
2020-12-18,5.22,5.24,5.18,5.24,8621850,LPB
2020-12-21,5.26,5.39,5.24,5.37,13474080,LPB
2020-12-22,5.37,5.65,5.33,5.61,14620100,LPB
2020-12-23,5.65,5.65,5.44,5.48,8754160,LPB
2020-12-24,5.5,5.52,5.15,5.35,10547250,LPB
2020-12-25,5.28,5.44,5.24,5.39,9593780,LPB
2020-12-28,5.52,5.52,5.35,5.39,7639610,LPB
2020-12-29,5.37,5.44,5.35,5.37,6375260,LPB
2020-12-30,5.37,5.44,5.35,5.37,5619740,LPB
2020-12-31,5.37,5.44,5.35,5.39,6396760,LPB
2021-01-04,5.46,5.52,5.44,5.5,8814700,LPB
2021-01-05,5.48,5.87,5.46,5.87,24349300,LPB
2021-01-06,6.09,6.18,5.94,6.09,16644800,LPB
2021-01-07,6.09,6.11,5.92,6.05,9246000,LPB
2021-01-08,6.05,6.2,5.98,6.11,19580100,LPB
2021-01-11,6.13,6.18,5.96,6.05,23446200,LPB
2021-01-12,6.0,6.02,5.89,5.96,13021500,LPB
2021-01-13,5.98,6.15,5.98,6.05,14249500,LPB
2021-01-14,6.09,6.26,6.02,6.26,14964800,LPB
2021-01-15,6.31,6.59,6.31,6.5,16530300,LPB
2021-01-18,6.57,6.61,6.42,6.42,13224100,LPB
2021-01-19,6.35,6.39,5.98,6.0,17853400,LPB
2021-01-20,6.0,6.07,5.59,6.0,15018300,LPB
2021-01-21,6.2,6.2,6.02,6.18,8957600,LPB
2021-01-22,6.18,6.29,6.15,6.24,15290300,LPB
2021-01-25,6.22,6.29,6.15,6.22,9574400,LPB
2021-01-26,6.18,6.18,5.87,6.02,10126700,LPB
2021-01-27,6.0,6.11,5.83,5.87,9796200,LPB
2021-01-28,5.48,5.63,5.48,5.48,12732500,LPB
2021-01-29,5.13,5.72,5.13,5.5,11086300,LPB
2021-02-01,5.42,5.55,5.2,5.22,8298100,LPB
2021-02-02,5.13,5.44,5.05,5.39,7866100,LPB
2021-02-03,5.5,5.76,5.39,5.76,9285600,LPB
2021-02-04,5.76,5.87,5.68,5.81,6158100,LPB
2021-02-05,5.79,6.09,5.79,6.09,8748700,LPB
2021-02-08,6.11,6.48,6.09,6.15,17862700,LPB
2021-02-09,6.2,6.44,6.2,6.39,11482300,LPB
2021-02-17,6.48,6.61,6.39,6.46,11925100,LPB
2021-02-18,6.46,6.5,6.35,6.37,8353900,LPB
2021-02-19,6.31,6.57,6.29,6.39,12657400,LPB
2021-02-22,6.42,6.48,6.33,6.39,15463000,LPB
2021-02-23,6.39,6.42,6.29,6.35,14798200,LPB
2021-02-24,6.35,6.42,6.22,6.22,13175700,LPB
2021-02-25,6.26,6.37,6.22,6.35,10131400,LPB
2021-02-26,6.26,6.44,6.22,6.39,9315300,LPB
2021-03-01,6.48,6.83,6.48,6.83,36421300,LPB
2021-03-02,7.05,7.13,6.85,7.0,13665000,LPB
2021-03-03,6.96,7.05,6.89,6.94,9087400,LPB
2021-03-04,6.94,7.0,6.57,6.74,17022800,LPB
2021-03-05,6.65,6.92,6.59,6.85,11077600,LPB
2021-03-08,6.96,6.96,6.79,6.83,8146600,LPB
2021-03-09,6.74,6.94,6.68,6.83,8925400,LPB
2021-03-10,6.83,7.07,6.81,6.94,12470100,LPB
2021-03-11,7.0,7.05,6.92,6.98,8092200,LPB
2021-03-12,7.0,7.22,6.98,7.18,19801800,LPB
2021-03-15,7.18,7.2,7.07,7.11,7894300,LPB
2021-03-16,7.11,7.13,6.94,7.02,9225100,LPB
2021-03-17,7.02,7.11,6.98,7.07,8451500,LPB
2021-03-18,7.18,7.18,7.07,7.09,8065800,LPB
2021-03-19,7.05,7.16,7.05,7.09,5349800,LPB
2021-03-22,7.13,7.35,7.07,7.09,13718400,LPB
2021-03-23,7.11,7.18,7.05,7.07,12019100,LPB
2021-03-24,6.96,7.09,6.94,6.96,9246200,LPB
2021-03-25,7.0,7.05,6.89,6.94,9473900,LPB
2021-03-26,6.92,6.94,6.52,6.85,9285000,LPB
2021-03-29,6.94,7.13,6.89,7.13,12544700,LPB
2021-03-30,7.18,7.52,7.11,7.52,21012600,LPB
2021-03-31,7.57,7.66,7.39,7.55,11121800,LPB
2021-04-01,7.55,7.61,7.5,7.57,6056600,LPB
2021-04-02,7.57,7.74,7.57,7.66,13331100,LPB
2021-04-05,7.7,7.79,7.55,7.68,11177200,LPB
2021-04-06,7.68,7.7,7.59,7.59,9843200,LPB
2021-04-07,7.63,7.63,7.52,7.59,8942700,LPB
2021-04-08,7.61,7.66,7.52,7.61,10415900,LPB
2021-04-09,7.61,8.0,7.57,7.89,18480900,LPB
2021-04-12,7.94,8.22,7.92,8.2,13377800,LPB
2021-04-13,8.29,8.31,7.96,8.0,12538900,LPB
2021-04-14,7.85,8.09,7.74,8.03,16924100,LPB
2021-04-15,8.05,8.18,8.0,8.07,13424200,LPB
2021-04-16,8.11,8.48,8.07,8.24,21676500,LPB
2021-04-19,8.35,8.48,8.24,8.44,13640800,LPB
2021-04-20,8.61,8.76,8.53,8.63,22268200,LPB
2021-04-22,8.57,8.76,8.18,8.18,13664200,LPB
2021-04-23,8.26,8.74,8.18,8.74,21139500,LPB
2021-04-26,8.92,9.22,8.74,9.0,15801900,LPB
2021-04-27,9.0,9.11,8.87,8.94,11327000,LPB
2021-04-28,8.87,9.03,8.7,8.9,11756400,LPB
2021-04-29,9.03,9.35,9.0,9.35,23814400,LPB
2021-05-04,9.05,9.35,9.0,9.35,13765800,LPB
2021-05-05,9.31,9.53,9.2,9.26,19201000,LPB
2021-05-06,9.26,9.29,9.03,9.05,17204800,LPB
2021-05-07,9.05,9.48,8.92,9.4,19607200,LPB
2021-05-10,9.4,9.61,9.4,9.48,16359500,LPB
2021-05-11,9.59,9.66,9.42,9.42,20851300,LPB
2021-05-12,9.33,9.66,9.26,9.66,15978100,LPB
2021-05-13,9.61,10.16,9.5,9.96,22137800,LPB
2021-05-14,10.11,10.31,9.96,10.16,17542000,LPB
2021-05-17,10.18,10.2,9.83,9.92,21240000,LPB
2021-05-18,9.87,10.16,9.72,10.0,20104900,LPB
2021-05-19,10.0,10.31,10.0,10.24,14538700,LPB
2021-05-20,10.27,10.29,10.13,10.22,13817500,LPB
2021-05-21,10.24,10.4,10.16,10.22,14550800,LPB
2021-05-24,10.22,10.33,10.16,10.18,13869000,LPB
2021-05-25,10.22,10.53,10.13,10.4,17869400,LPB
2021-05-26,10.42,11.05,10.42,11.05,27082700,LPB
2021-05-27,11.27,11.66,11.05,11.4,31002700,LPB
2021-05-28,11.61,12.18,11.46,12.18,35668800,LPB
2021-05-31,12.61,13.03,12.4,13.03,24242200,LPB
2021-06-01,13.88,13.88,12.61,12.87,21800700,LPB
2021-06-02,12.61,13.77,12.53,13.77,30704200,LPB
2021-06-03,14.72,14.72,14.14,14.72,20623800,LPB
2021-06-04,14.66,14.79,14.35,14.53,13580700,LPB
2021-06-07,13.92,14.14,13.53,13.66,27208600,LPB
2021-06-08,13.74,14.05,12.72,12.72,21449200,LPB
2021-06-09,12.72,13.59,11.96,13.59,23183200,LPB
2021-06-10,13.53,13.92,13.38,13.57,10240000,LPB
2021-06-11,13.53,13.9,13.22,13.59,17122800,LPB
2021-06-14,13.59,13.64,13.27,13.35,9392700,LPB
2021-06-15,13.27,13.27,12.61,12.61,16885200,LPB
2021-06-16,12.66,13.01,12.07,12.18,14709500,LPB
2021-06-17,11.83,12.83,11.83,12.83,11374400,LPB
2021-06-18,13.05,13.14,12.44,12.87,6928000,LPB
2021-06-21,12.61,12.83,12.4,12.53,8147000,LPB
2021-06-22,12.68,12.87,12.44,12.79,7632900,LPB
2021-06-23,12.79,12.83,12.53,12.53,4347400,LPB
2021-06-24,12.83,13.18,12.7,12.81,8013900,LPB
2021-06-25,12.96,12.98,12.7,12.83,4316100,LPB
2021-06-28,12.96,13.18,12.83,13.11,9861000,LPB
2021-06-29,13.22,13.48,13.14,13.27,8845100,LPB
2021-06-30,13.22,13.27,12.92,13.03,5620300,LPB
2021-07-01,13.03,13.14,12.79,13.01,5910700,LPB
2021-07-02,13.14,13.22,12.96,12.96,8429500,LPB
2021-07-05,13.11,13.14,12.74,13.09,8235200,LPB
2021-07-06,13.4,13.79,12.18,12.18,13416200,LPB
2021-07-07,12.61,13.03,12.14,13.03,10109100,LPB
2021-07-08,13.27,13.27,12.79,13.01,8467100,LPB
2021-07-09,12.83,13.22,12.18,12.57,6966600,LPB
2021-07-12,12.31,12.44,11.7,12.18,16189900,LPB
2021-07-13,12.18,12.31,11.61,11.96,7378500,LPB
2021-07-14,11.96,11.96,11.31,11.79,7974500,LPB
2021-07-15,11.74,12.05,11.57,12.05,4560300,LPB
2021-07-16,12.09,12.11,11.85,11.94,5247000,LPB
2021-07-19,11.31,11.74,11.11,11.11,9224000,LPB
2021-07-20,11.14,11.2,10.46,11.14,10192000,LPB
2021-07-21,11.69,11.89,11.33,11.4,6078300,LPB
2021-07-22,11.57,11.57,11.3,11.45,3985000,LPB
2021-07-23,11.25,11.98,11.25,11.5,7177800,LPB
2021-07-26,11.28,11.47,10.98,11.16,4138300,LPB
2021-07-27,11.28,11.42,11.23,11.42,4485600,LPB
2021-07-28,11.3,11.45,11.2,11.45,4263100,LPB
2021-07-29,11.45,11.69,11.42,11.69,5115200,LPB
2021-07-30,11.76,12.42,11.76,12.42,15222800,LPB
2021-08-02,12.32,12.42,11.93,12.18,6934200,LPB
2021-08-03,12.18,12.37,11.93,12.2,7998600,LPB
2021-08-04,12.25,12.4,12.11,12.25,11329300,LPB
2021-08-05,12.28,12.67,12.18,12.67,11393500,LPB
2021-08-06,12.71,12.71,12.37,12.5,8117500,LPB
2021-08-09,12.28,12.54,12.2,12.5,10024900,LPB
2021-08-10,12.67,12.67,12.3,12.47,11609500,LPB
2021-08-11,12.5,12.62,12.28,12.28,11208400,LPB
2021-08-12,12.28,12.35,12.06,12.06,9802900,LPB
2021-08-13,12.06,12.18,11.72,12.18,9822000,LPB
2021-08-16,12.23,12.4,12.08,12.28,13133400,LPB
2021-08-17,12.42,12.91,12.35,12.76,24026000,LPB
2021-08-18,12.71,12.74,12.47,12.62,10159800,LPB
2021-08-19,12.67,12.67,12.37,12.42,8124200,LPB
2021-08-20,12.28,12.4,11.59,11.69,19237900,LPB
2021-08-23,11.5,11.64,11.01,11.01,13607000,LPB
2021-08-24,11.06,11.3,11.01,11.23,7413200,LPB
2021-08-25,11.35,11.35,11.11,11.33,3359100,LPB
2021-08-26,11.35,11.37,11.01,11.08,5066300,LPB
2021-08-27,10.96,11.03,10.57,10.62,8801100,LPB
2021-08-30,10.86,11.35,10.72,11.35,6599100,LPB
2021-08-31,11.52,11.57,11.23,11.23,4951900,LPB
2021-09-01,11.06,11.3,11.03,11.08,5679300,LPB
2021-09-06,11.11,11.25,10.96,11.13,7047100,LPB
2021-09-07,11.2,11.45,11.16,11.25,7120200,LPB
2021-09-08,11.37,11.45,11.18,11.35,4878800,LPB
2021-09-09,11.33,11.37,11.2,11.35,4274400,LPB
2021-09-10,11.35,11.37,11.16,11.25,5163100,LPB
2021-09-13,11.11,11.2,10.91,11.01,4340400,LPB
2021-09-14,10.96,10.98,10.74,10.74,5261300,LPB
2021-09-15,10.72,10.98,10.62,10.77,3810300,LPB
2021-09-16,10.79,10.91,10.74,10.77,2924100,LPB
2021-09-17,10.77,11.01,10.77,10.91,5029300,LPB
2021-09-20,11.08,11.55,11.08,11.42,10883800,LPB
2021-09-21,11.18,11.3,11.03,11.13,5310000,LPB
2021-09-22,11.13,11.16,10.98,11.01,3634000,LPB
2021-09-23,11.01,11.16,10.86,10.91,5548900,LPB
2021-09-24,11.03,11.11,10.91,10.94,3007700,LPB
2021-09-27,11.11,11.11,10.72,10.74,3611300,LPB
2021-09-28,10.72,10.81,10.47,10.77,3875200,LPB
2021-09-29,10.67,10.69,10.52,10.57,3268200,LPB
2021-09-30,10.6,10.64,10.55,10.55,2708800,LPB
2021-10-01,10.52,10.52,10.18,10.18,7772300,LPB
2021-10-04,9.99,10.4,9.82,10.01,7818500,LPB
2021-10-05,10.04,10.3,10.01,10.23,4286900,LPB
2021-10-06,10.33,10.42,10.25,10.33,2776300,LPB
2021-10-07,10.25,10.38,10.21,10.23,4126200,LPB
2021-10-08,10.23,10.33,10.18,10.23,2544300,LPB
2021-10-11,10.28,10.6,10.28,10.6,7261000,LPB
2021-10-12,10.67,10.79,10.57,10.6,5343000,LPB
2021-10-13,10.6,10.67,10.47,10.62,3627900,LPB
2021-10-14,10.64,10.64,10.55,10.55,3313400,LPB
2021-10-15,10.55,10.89,10.52,10.72,6073500,LPB
2021-10-18,10.72,10.84,10.47,10.52,4875000,LPB
2021-10-19,10.45,10.52,10.33,10.38,3879000,LPB
2021-10-20,10.28,10.38,10.18,10.3,3761900,LPB
2021-10-21,10.33,10.45,10.23,10.23,3715000,LPB
2021-10-22,10.28,10.3,10.13,10.16,3726900,LPB
2021-10-25,10.16,10.21,10.06,10.06,3607000,LPB
2021-10-26,10.06,10.42,10.04,10.13,4357100,LPB
2021-10-27,10.28,10.3,10.16,10.23,5841300,LPB
2021-10-28,10.38,10.38,10.23,10.28,4692600,LPB
2021-10-29,10.28,10.47,10.13,10.13,10945500,LPB
2021-11-01,10.42,10.6,10.28,10.3,10691400,LPB
2021-11-02,10.23,10.47,10.23,10.42,10662300,LPB
2021-11-03,10.52,11.13,10.47,11.13,21593500,LPB
2021-11-04,11.3,11.59,11.06,11.2,15048200,LPB
2021-11-05,11.2,11.4,10.98,11.23,9898800,LPB
2021-11-08,11.4,11.59,11.2,11.4,17464200,LPB
2021-11-09,11.59,11.67,11.37,11.45,10643700,LPB
2021-11-10,11.55,11.55,11.2,11.25,8271200,LPB
2021-11-11,11.25,11.3,10.81,10.94,12497200,LPB
2021-11-12,10.86,11.23,10.84,11.16,7854400,LPB
2021-11-15,11.4,11.4,11.08,11.11,7721600,LPB
2021-11-16,11.06,11.55,10.96,11.25,20396200,LPB
2021-11-17,11.33,11.37,11.16,11.2,8433500,LPB
2021-11-18,11.11,11.2,10.98,11.01,9013100,LPB
2021-11-19,11.03,11.4,10.79,11.06,14696200,LPB
2021-11-22,11.3,11.74,11.28,11.42,17331500,LPB
2021-11-23,11.59,11.59,11.2,11.23,6830000,LPB
2021-11-24,11.25,11.93,11.16,11.93,44928600,LPB
2021-11-25,12.2,12.23,11.67,11.91,25034500,LPB
2021-11-26,11.93,11.96,11.59,11.64,16928300,LPB
2021-11-29,11.23,11.5,11.08,11.23,17050200,LPB
2021-11-30,11.4,11.4,10.89,10.91,18116300,LPB
2021-12-01,10.91,11.11,10.89,11.08,8917900,LPB
2021-12-02,11.16,11.16,10.91,10.91,6600400,LPB
2021-12-03,10.98,11.06,10.5,10.5,11216500,LPB
2021-12-06,10.4,10.55,9.84,9.89,12547300,LPB
2021-12-07,10.04,10.23,9.96,10.21,6372600,LPB
2021-12-08,10.28,10.47,10.18,10.3,5094700,LPB
2021-12-09,10.21,10.4,10.21,10.33,3734900,LPB
2021-12-10,10.42,10.62,10.33,10.4,5191800,LPB
2021-12-13,10.47,10.77,10.45,10.64,6416200,LPB
2021-12-14,10.86,11.11,10.72,11.01,8451200,LPB
2021-12-15,11.06,11.11,10.86,10.96,5921100,LPB
2021-12-16,10.96,11.08,10.79,10.81,4239800,LPB
2021-12-17,10.77,10.79,10.62,10.62,7707100,LPB
2021-12-20,10.62,10.67,10.47,10.52,4734900,LPB
2021-12-21,10.52,10.52,10.38,10.38,5829800,LPB
2021-12-22,10.47,10.5,10.21,10.21,7641500,LPB
2021-12-23,10.21,10.3,9.96,10.06,6648200,LPB
2021-12-24,10.06,10.62,10.06,10.57,4635300,LPB
2021-12-27,10.57,10.79,10.47,10.5,3118100,LPB
2021-12-28,10.52,10.62,10.38,10.57,6008100,LPB
2021-12-29,10.72,11.01,10.62,10.84,10542600,LPB
2021-12-30,10.81,10.98,10.79,10.81,3523500,LPB
2021-12-31,10.96,11.2,10.84,10.86,10177000,LPB
2022-01-04,11.11,11.16,10.89,10.94,8417500,LPB
2022-01-05,11.01,11.01,10.77,10.81,7937000,LPB
2022-01-06,10.74,10.74,10.52,10.57,11432400,LPB
2022-01-07,10.57,10.86,10.5,10.81,7848300,LPB
2022-01-10,10.96,10.96,10.52,10.52,6118600,LPB
2022-01-11,10.62,10.64,10.33,10.47,5765800,LPB
2022-01-12,10.35,10.84,10.21,10.67,6980000,LPB
2022-01-13,10.81,11.16,10.72,10.72,14626200,LPB
2022-01-14,10.67,10.77,10.52,10.62,3869400,LPB
2022-01-17,10.72,11.01,10.47,10.47,10338300,LPB
2022-01-18,10.38,10.57,10.23,10.3,6827400,LPB
2022-01-19,10.47,10.47,10.28,10.33,2855700,LPB
2022-01-20,10.33,10.5,10.16,10.38,4502200,LPB
2022-01-21,10.47,10.86,10.45,10.57,6979200,LPB
2022-01-24,10.81,10.81,10.47,10.47,8791500,LPB
2022-01-25,10.69,11.2,10.64,11.2,22097300,LPB
2022-01-26,11.59,11.98,11.55,11.98,34453500,LPB
2022-01-27,11.98,12.67,11.69,11.93,20330100,LPB
2022-01-28,11.89,12.18,11.72,12.18,15586600,LPB
2022-02-07,12.42,12.42,12.06,12.11,12113900,LPB
2022-02-08,11.93,12.37,11.84,12.13,12424600,LPB
2022-02-09,12.18,12.37,11.93,11.98,13806000,LPB
2022-02-10,11.98,12.42,11.96,12.18,12449200,LPB
2022-02-11,12.18,12.76,12.18,12.62,25982500,LPB
2022-02-14,12.42,12.64,11.74,11.74,17739600,LPB
2022-02-15,11.84,12.08,11.45,11.98,14274400,LPB
2022-02-16,12.03,12.06,11.67,11.84,13082700,LPB
2022-02-17,11.84,12.08,11.69,11.84,9099200,LPB
2022-02-18,11.74,11.93,11.28,11.5,28701200,LPB
2022-02-21,11.33,11.69,11.25,11.52,11626900,LPB
2022-02-22,11.35,11.64,11.3,11.52,7821500,LPB
2022-02-23,11.52,11.74,11.5,11.5,9124600,LPB
2022-02-24,11.5,11.55,10.91,11.11,14777300,LPB
2022-02-25,11.33,11.45,11.2,11.23,6914300,LPB
2022-02-28,11.18,11.3,11.01,11.03,10963900,LPB
2022-03-01,11.03,11.11,10.81,10.84,13003000,LPB
2022-03-02,10.77,10.94,10.47,10.47,16800900,LPB
2022-03-03,10.81,11.03,10.64,10.84,10765100,LPB
2022-03-04,10.86,11.01,10.84,10.89,5541300,LPB
2022-03-07,10.72,10.81,10.55,10.72,8071300,LPB
2022-03-08,10.62,10.86,10.57,10.72,9385900,LPB
2022-03-09,10.69,10.77,10.5,10.72,7905600,LPB
2022-03-10,10.84,10.96,10.79,10.84,4360200,LPB
2022-03-11,10.84,10.86,10.69,10.79,6001400,LPB
2022-03-14,10.72,10.72,10.57,10.64,5070000,LPB
2022-03-15,10.64,10.79,10.62,10.74,3407600,LPB
2022-03-16,10.74,11.16,10.74,10.79,9728100,LPB
2022-03-17,10.96,10.96,10.79,10.89,7666600,LPB
2022-03-18,10.89,10.94,10.81,10.84,2982600,LPB
2022-03-21,10.91,10.96,10.84,10.91,5038300,LPB
2022-03-22,10.96,11.4,10.96,11.16,13902400,LPB
2022-03-23,11.18,11.2,11.03,11.06,5930300,LPB
2022-03-24,11.06,11.13,10.96,10.98,5088600,LPB
2022-03-25,11.01,11.03,10.86,10.86,5287700,LPB
2022-03-28,10.86,10.94,10.55,10.64,7528500,LPB
2022-03-29,10.69,10.79,10.62,10.74,4224600,LPB
2022-03-30,10.62,10.96,10.6,10.67,5979800,LPB
2022-03-31,10.69,10.79,10.55,10.55,4306800,LPB
2022-04-01,10.57,10.77,10.5,10.69,5894100,LPB
2022-04-04,10.74,10.91,10.67,10.67,11614200,LPB
2022-04-05,11.04,11.26,11.04,11.1,10617600,LPB
2022-04-06,11.1,11.26,10.99,11.23,4450700,LPB
2022-04-07,11.23,11.26,10.91,10.96,5003300,LPB
2022-04-08,10.99,11.04,10.77,10.83,4062000,LPB
2022-04-12,10.88,10.88,10.51,10.53,3655500,LPB
2022-04-13,10.61,10.8,10.37,10.77,4526400,LPB
2022-04-14,10.86,10.86,10.61,10.67,2014300,LPB
2022-04-15,10.72,10.75,10.45,10.64,3335300,LPB
2022-04-18,10.48,10.56,9.91,9.97,6881000,LPB
2022-04-19,9.81,10.18,9.29,9.29,5853400,LPB
2022-04-20,9.05,9.27,8.65,8.65,9014600,LPB
2022-04-21,8.49,9.13,8.05,8.78,9642700,LPB
2022-04-22,9.05,9.13,8.67,9.0,5278700,LPB
2022-04-25,9.05,9.24,8.38,8.38,6577400,LPB
2022-04-26,8.35,8.78,7.92,8.73,5787100,LPB
2022-04-27,8.75,8.81,8.59,8.75,2605100,LPB
2022-04-28,8.81,8.92,8.59,8.7,3467400,LPB
2022-04-29,8.73,9.1,8.65,8.84,7793100,LPB
2022-05-04,9.05,9.24,8.89,9.05,7518700,LPB
2022-05-05,9.16,9.24,8.73,8.86,4181000,LPB
2022-05-06,8.67,8.78,8.46,8.46,6451800,LPB
2022-05-09,8.4,8.46,7.89,7.89,9804700,LPB
2022-05-10,7.41,8.08,7.41,8.03,4428600,LPB
2022-05-11,8.08,8.14,7.87,8.03,3412400,LPB
2022-05-12,7.87,8.03,7.49,7.49,5456900,LPB
2022-05-13,7.49,7.54,6.98,6.98,11020700,LPB
2022-05-16,7.46,7.46,7.06,7.06,4510500,LPB
2022-05-17,7.11,7.54,7.06,7.54,4745800,LPB
2022-05-18,7.7,8.05,7.6,7.97,7999600,LPB
2022-05-19,7.68,8.19,7.68,7.84,5344400,LPB
2022-05-20,7.97,8.0,7.78,7.87,3227100,LPB
2022-05-23,8.0,8.03,7.7,7.76,4162100,LPB
2022-05-24,7.76,7.87,7.49,7.87,3754100,LPB
2022-05-25,7.95,8.22,7.87,8.19,4975500,LPB
2022-05-26,8.3,8.35,8.11,8.19,3913200,LPB
2022-05-27,8.19,8.24,8.08,8.11,5036700,LPB
2022-05-30,8.14,8.35,8.11,8.24,4091800,LPB
2022-05-31,8.19,8.22,8.03,8.08,5467700,LPB
2022-06-01,8.08,8.19,8.0,8.05,4752700,LPB
2022-06-02,8.05,8.19,7.87,7.87,4977500,LPB
2022-06-03,7.87,7.92,7.68,7.76,2777200,LPB
2022-06-06,7.81,7.97,7.68,7.76,4142800,LPB
2022-06-07,7.7,7.78,7.49,7.65,2825000,LPB
2022-06-08,7.68,8.16,7.68,8.16,5601400,LPB
2022-06-09,8.19,8.24,8.11,8.22,4636400,LPB
2022-06-10,8.14,8.27,8.03,8.03,4137900,LPB
2022-06-13,7.81,7.81,7.49,7.49,5766300,LPB
2022-06-14,7.27,7.57,7.0,7.08,13205300,LPB
2022-06-15,7.27,7.27,6.65,6.68,12792200,LPB
2022-06-16,6.84,6.84,6.25,6.79,13563100,LPB
2022-06-17,6.46,6.63,6.33,6.46,8831400,LPB
2022-06-20,6.46,6.63,6.36,6.36,4711900,LPB
2022-06-21,6.41,6.65,6.25,6.41,4890300,LPB
2022-06-22,6.63,6.84,6.52,6.84,6676400,LPB
2022-06-23,6.9,7.27,6.73,7.27,7136500,LPB
2022-06-24,7.25,7.3,7.11,7.11,4427300,LPB
2022-06-27,7.11,7.27,6.73,6.79,12848700,LPB
2022-06-28,6.87,7.25,6.41,7.22,18949400,LPB
2022-06-29,7.11,7.52,7.11,7.27,5963300,LPB
2022-06-30,7.27,7.33,7.03,7.03,6673600,LPB
2022-07-01,6.95,7.19,6.65,7.03,11487600,LPB
2022-07-04,7.14,7.33,7.08,7.33,9278300,LPB
2022-07-05,7.35,7.6,7.3,7.33,10476500,LPB
2022-07-06,7.14,7.35,7.0,7.03,6938600,LPB
2022-07-07,6.98,7.22,6.95,7.08,3853000,LPB
2022-07-08,7.17,7.3,7.08,7.14,5704500,LPB
2022-07-11,7.11,7.17,6.95,7.0,4912700,LPB
2022-07-12,7.0,7.22,6.98,7.22,3665000,LPB
2022-07-13,7.22,7.6,7.22,7.46,10205200,LPB
2022-07-14,7.33,7.62,7.33,7.52,6453300,LPB
2022-07-15,7.54,7.7,7.52,7.54,6349100,LPB
2022-07-18,7.6,7.73,7.52,7.6,6399900,LPB
2022-07-19,7.54,7.6,7.35,7.49,4784800,LPB
2022-07-20,7.57,7.65,7.54,7.62,4711100,LPB
2022-07-21,7.7,8.03,7.68,7.89,12029100,LPB
2022-07-22,8.03,8.11,7.76,7.76,11043100,LPB
2022-07-25,7.76,7.89,7.7,7.87,5452800,LPB
2022-07-26,7.87,7.97,7.76,7.92,6284400,LPB
2022-07-27,7.87,8.24,7.84,8.24,13683400,LPB
2022-07-28,8.46,8.54,8.27,8.4,12271600,LPB
2022-07-29,8.46,8.46,8.16,8.19,6330700,LPB
2022-08-01,8.32,8.57,8.19,8.49,8339600,LPB
2022-08-02,8.51,8.62,8.4,8.57,8253100,LPB
2022-08-03,8.51,8.62,8.4,8.62,6583900,LPB
2022-08-04,8.62,8.73,8.54,8.65,6406800,LPB
2022-08-05,8.67,8.67,8.49,8.67,5021500,LPB
2022-08-08,8.7,8.7,8.57,8.59,4608000,LPB
2022-08-09,8.62,8.65,8.32,8.38,8597800,LPB
2022-08-10,8.38,8.46,8.27,8.27,4916000,LPB
2022-08-11,8.38,8.49,8.19,8.27,5153700,LPB
2022-08-12,8.27,8.43,8.24,8.4,3455900,LPB
2022-08-15,8.46,8.81,8.46,8.7,9557400,LPB
2022-08-16,8.7,8.73,8.59,8.65,3208800,LPB
2022-08-17,8.59,8.67,8.54,8.54,4075700,LPB
2022-08-18,8.51,8.57,8.4,8.43,4386400,LPB
2022-08-19,8.46,8.51,8.35,8.38,3367700,LPB
2022-08-22,8.35,8.43,8.24,8.35,3173300,LPB
2022-08-23,8.3,8.51,8.3,8.51,3989700,LPB
2022-08-24,8.51,8.57,8.46,8.49,3332700,LPB
2022-08-25,8.57,8.67,8.51,8.59,6804900,LPB
2022-08-26,8.67,8.67,8.49,8.51,4268100,LPB
2022-08-29,8.35,8.4,8.14,8.35,4576300,LPB
2022-08-30,8.46,8.57,8.35,8.49,4242100,LPB
2022-08-31,8.49,8.51,8.38,8.51,2707500,LPB
2022-09-05,8.49,8.62,8.4,8.49,3499100,LPB
2022-09-06,8.46,8.65,8.43,8.57,4900600,LPB
2022-09-07,8.57,8.62,8.38,8.38,5347300,LPB
2022-09-08,8.4,8.43,7.87,7.92,5839600,LPB
2022-09-09,8.0,8.03,7.62,7.92,5568800,LPB
2022-09-12,8.03,8.03,7.95,7.97,1775118,LPB
2022-09-13,7.97,8.05,7.89,8.03,1560734,LPB
2022-09-14,7.78,8.08,7.78,8.03,2660380,LPB
2022-09-15,8.05,8.08,7.95,7.97,1253692,LPB
2022-09-16,7.95,7.97,7.65,7.65,3051648,LPB
2022-09-19,7.65,7.7,7.35,7.35,2759613,LPB
2022-09-20,7.46,7.62,7.33,7.6,2632939,LPB
2022-09-21,7.6,7.62,7.49,7.54,1224950,LPB
2022-09-22,7.49,7.62,7.41,7.57,2033545,LPB
2022-09-23,7.6,7.65,7.43,7.43,1904324,LPB
2022-09-26,7.0,7.33,7.0,7.08,3120116,LPB
2022-09-27,7.11,7.25,7.06,7.22,1619704,LPB
2022-09-28,7.11,7.25,7.0,7.0,1675452,LPB
2022-09-29,7.17,7.19,6.95,6.95,2638298,LPB
2022-09-30,6.9,7.0,6.55,6.95,5092306,LPB
2022-10-03,6.92,7.11,6.46,6.49,4578695,LPB
2022-10-04,6.65,6.79,6.3,6.3,6108900,LPB
2022-10-05,6.46,6.55,6.33,6.46,4943640,LPB
2022-10-06,6.49,6.49,6.03,6.03,4696518,LPB
2022-10-07,5.93,5.93,5.63,5.63,12459202,LPB
2022-10-10,5.24,5.6,5.24,5.47,15303292,LPB
2022-10-11,5.39,5.44,5.09,5.09,9731523,LPB
2022-10-12,5.09,5.44,5.06,5.44,8608189,LPB
2022-10-13,5.5,5.58,5.39,5.5,6631049,LPB
2022-10-14,5.76,5.87,5.63,5.82,10355004,LPB
2022-10-17,5.76,5.98,5.71,5.93,7493964,LPB
2022-10-18,6.06,6.14,5.9,5.93,7606138,LPB
2022-10-19,5.98,6.03,5.82,5.87,7028379,LPB
2022-10-20,5.87,5.9,5.71,5.79,5527400,LPB
2022-10-21,5.87,5.87,5.39,5.41,10967469,LPB
2022-10-24,5.44,5.55,5.04,5.04,11525454,LPB
2022-10-25,5.06,5.39,4.9,5.39,15071658,LPB
2022-10-26,5.5,5.63,5.41,5.58,9292883,LPB
2022-10-27,5.63,5.95,5.63,5.95,13904664,LPB
2022-10-28,6.11,6.25,6.01,6.09,14680529,LPB
2022-10-31,6.09,6.33,6.01,6.33,15050165,LPB
2022-11-01,6.46,6.6,6.36,6.46,9148314,LPB
2022-11-02,6.41,6.52,6.22,6.25,10191650,LPB
2022-11-03,6.09,6.38,6.09,6.3,9684537,LPB
2022-11-04,6.25,6.36,5.9,6.14,17054089,LPB
2022-11-07,6.09,6.25,5.74,5.74,10426096,LPB
2022-11-08,5.71,6.11,5.6,6.09,10235962,LPB
2022-11-09,6.17,6.38,6.09,6.14,8159185,LPB
2022-11-10,6.01,6.14,5.74,5.74,14747404,LPB
2022-11-11,5.93,6.03,5.74,5.76,9664667,LPB
2022-11-14,5.6,5.71,5.37,5.55,12374685,LPB
2022-11-15,5.5,5.5,5.16,5.16,15695662,LPB
2022-11-16,4.83,5.52,4.8,5.52,20079235,LPB
2022-11-17,5.85,5.9,5.76,5.9,7477720,LPB
2022-11-18,5.98,6.23,5.69,6.2,10387860,LPB
2022-11-21,6.2,6.29,6.02,6.04,7822584,LPB
2022-11-22,6.01,6.44,5.98,6.17,13610902,LPB
2022-11-23,6.19,6.35,6.08,6.08,9128389,LPB
2022-11-24,6.16,6.23,5.92,6.19,8954301,LPB
2022-11-25,6.35,6.6,6.23,6.6,16501751,LPB
2022-11-28,6.81,7.03,6.72,7.03,14412109,LPB
2022-11-29,7.06,7.16,6.75,7.09,19160106,LPB
2022-11-30,7.09,7.28,6.94,7.09,13391445,LPB
2022-12-01,7.22,7.56,7.0,7.06,22061996,LPB
2022-12-02,7.06,7.53,6.91,7.53,24438550,LPB
2022-12-05,7.87,8.05,7.56,8.05,22396408,LPB
2022-12-06,8.15,8.49,7.96,8.08,36467840,LPB
2022-12-07,8.05,8.24,7.84,7.96,13842622,LPB
2022-12-08,8.08,8.49,8.05,8.46,19046704,LPB
2022-12-09,8.49,8.86,7.99,8.49,25661014,LPB
2022-12-12,8.36,8.49,7.93,8.27,18537029,LPB
2022-12-13,8.08,8.36,7.93,8.3,8384196,LPB
2022-12-14,8.43,8.43,8.15,8.18,7293395,LPB
2022-12-15,8.02,8.36,8.02,8.18,6434034,LPB
2022-12-16,8.05,8.58,8.02,8.18,10187185,LPB
2022-12-19,8.21,8.36,8.15,8.15,7737128,LPB
2022-12-20,8.05,8.18,7.62,7.71,11503335,LPB
2022-12-21,7.84,7.93,7.56,7.84,7037645,LPB
2022-12-22,7.96,8.21,7.9,8.18,11941634,LPB
2022-12-23,8.05,8.12,7.93,8.05,11374893,LPB
2022-12-26,8.02,8.08,7.5,7.5,12488833,LPB
2022-12-27,7.5,7.74,7.37,7.74,6967797,LPB
2022-12-28,7.74,8.27,7.71,8.27,16726707,LPB
2022-12-29,8.3,8.49,8.12,8.12,11554671,LPB
2022-12-30,8.12,8.43,8.08,8.12,11229941,LPB
2023-01-03,8.12,8.46,8.12,8.46,9024848,LPB
2023-01-04,8.46,8.55,8.36,8.36,8850124,LPB
2023-01-05,8.43,8.46,8.3,8.39,5529179,LPB
2023-01-06,8.43,8.95,8.39,8.95,46295477,LPB
2023-01-09,9.08,9.14,8.83,8.83,7191754,LPB
2023-01-10,8.83,9.05,8.83,8.95,8621722,LPB
2023-01-11,9.08,9.26,8.95,8.95,11012157,LPB
2023-01-12,9.05,9.05,8.89,8.98,8387679,LPB
2023-01-13,9.05,9.2,8.98,9.08,11190654,LPB
2023-01-16,9.11,9.11,8.92,9.08,7923572,LPB
2023-01-17,9.08,9.36,9.08,9.23,11383745,LPB
2023-01-18,9.29,9.42,9.2,9.26,6704494,LPB
2023-01-19,9.29,9.36,9.2,9.26,8766707,LPB
2023-01-27,9.32,9.42,9.17,9.29,11521868,LPB
2023-01-30,9.29,9.29,8.98,8.98,13835919,LPB
2023-01-31,8.89,9.23,8.86,9.17,9974037,LPB
2023-02-01,9.17,9.26,8.55,8.55,14502697,LPB
2023-02-02,8.61,8.67,8.39,8.46,11118169,LPB
2023-02-03,8.58,8.61,8.49,8.61,7658555,LPB
2023-02-06,8.55,8.67,8.39,8.61,5605384,LPB
2023-02-07,8.67,8.8,8.39,8.39,8558079,LPB
2023-02-08,8.46,8.8,8.39,8.61,9310271,LPB
2023-02-09,8.58,8.83,8.55,8.61,7064696,LPB
2023-02-10,8.64,8.98,8.55,8.7,11931486,LPB
2023-02-13,8.67,8.86,8.49,8.58,8706992,LPB
2023-02-14,8.67,8.67,8.43,8.49,4855719,LPB
2023-02-15,8.49,8.67,8.39,8.52,6242904,LPB
2023-02-16,8.58,8.67,8.58,8.67,6535305,LPB
2023-02-17,8.67,9.17,8.67,8.98,19001839,LPB
2023-02-20,8.98,9.29,8.98,9.29,10635846,LPB
2023-02-21,9.32,9.36,9.08,9.11,8640382,LPB
2023-02-22,8.95,9.17,8.74,8.74,9995061,LPB
2023-02-23,8.74,8.95,8.58,8.77,9342546,LPB
2023-02-24,8.83,8.92,8.74,8.74,7631305,LPB
2023-02-27,8.61,8.74,8.55,8.55,5806058,LPB
2023-02-28,8.58,8.7,8.58,8.64,5342324,LPB
2023-03-01,8.61,8.98,8.55,8.86,9768305,LPB
2023-03-02,8.98,9.17,8.77,8.92,8294625,LPB
2023-03-03,8.98,9.08,8.77,8.77,6951985,LPB
2023-03-06,8.89,9.05,8.83,8.83,8657785,LPB
2023-03-07,9.01,9.05,8.83,8.89,7963566,LPB
2023-03-08,8.83,9.08,8.83,9.08,7301210,LPB
2023-03-09,9.14,9.39,9.11,9.17,19636665,LPB
2023-03-10,9.17,9.26,9.11,9.14,8380195,LPB
2023-03-13,9.14,9.36,9.11,9.14,13529668,LPB
2023-03-14,9.17,9.29,9.08,9.08,16311892,LPB
2023-03-15,9.26,9.45,9.17,9.29,17471277,LPB
2023-03-16,9.26,9.32,9.2,9.2,10507988,LPB
2023-03-17,9.23,9.32,9.2,9.23,13290698,LPB
2023-03-20,9.2,9.23,8.95,8.95,16905395,LPB
2023-03-21,9.11,9.17,8.95,9.11,5583780,LPB
2023-03-22,9.14,9.23,9.11,9.17,7052188,LPB
2023-03-23,9.11,9.26,9.11,9.26,3442062,LPB
2023-03-24,9.29,9.73,9.29,9.6,17982922,LPB
2023-03-27,9.6,9.63,9.54,9.57,6702134,LPB
2023-03-28,9.63,9.7,9.48,9.48,11972279,LPB
2023-03-29,9.51,9.57,9.45,9.51,6696119,LPB
2023-03-30,9.6,9.63,9.48,9.51,6764460,LPB
2023-03-31,9.51,9.54,9.42,9.54,6241690,LPB
2023-04-03,9.63,9.79,9.54,9.6,9577517,LPB
2023-04-04,9.6,9.82,9.57,9.76,15695705,LPB
2023-04-05,9.73,9.76,9.6,9.63,5002368,LPB
2023-04-06,9.63,9.7,9.32,9.32,12640757,LPB
2023-04-07,9.36,9.39,9.11,9.17,11735159,LPB
2023-04-10,9.26,9.29,9.05,9.05,8887215,LPB
2023-04-11,9.05,9.2,9.01,9.2,5442071,LPB
2023-04-12,9.26,9.36,9.2,9.2,5340742,LPB
2023-04-13,9.23,9.29,9.14,9.14,4387844,LPB
2023-04-14,9.17,9.54,9.17,9.17,17312179,LPB
2023-04-17,9.26,9.29,8.77,8.86,12199152,LPB
2023-04-18,8.92,8.95,8.58,8.67,13422721,LPB
2023-04-19,8.8,8.8,8.46,8.49,8832389,LPB
2023-04-20,8.46,8.61,8.46,8.58,4505544,LPB
2023-04-21,8.61,8.7,8.46,8.46,7567387,LPB
2023-04-24,8.55,8.58,8.24,8.3,7784774,LPB
2023-04-25,8.33,8.36,8.12,8.12,8637558,LPB
2023-04-26,8.05,8.67,8.05,8.67,7899358,LPB
2023-04-27,8.61,8.86,8.52,8.8,8398845,LPB
2023-04-28,8.8,8.8,8.67,8.67,5015010,LPB
2023-05-04,8.61,8.61,8.46,8.46,4706015,LPB
2023-05-05,8.46,8.61,8.39,8.49,2769433,LPB
2023-05-08,8.49,8.61,8.46,8.46,5160711,LPB
2023-05-09,8.49,8.74,8.49,8.67,13129577,LPB
2023-05-10,8.74,8.77,8.58,8.7,9618107,LPB
2023-05-11,8.74,8.77,8.12,8.58,23751188,LPB
2023-05-12,8.61,8.64,8.49,8.61,7925572,LPB
2023-05-15,8.67,8.77,8.58,8.58,9861000,LPB
2023-05-16,8.58,8.64,8.52,8.61,6910749,LPB
2023-05-17,8.64,8.67,8.52,8.55,6973436,LPB
2023-05-18,8.58,8.7,8.52,8.67,8387573,LPB
2023-05-19,8.8,8.8,8.58,8.67,6281315,LPB
2023-05-22,8.7,8.86,8.67,8.8,9214558,LPB
2023-05-23,8.83,8.86,8.7,8.7,5895241,LPB
2023-05-24,8.77,8.77,8.61,8.61,5504968,LPB
2023-05-25,8.61,8.7,8.58,8.64,4979118,LPB
2023-05-26,8.67,8.8,8.58,8.77,10646954,LPB
2023-05-29,8.8,8.92,8.77,8.92,8656783,LPB
2023-05-30,8.98,8.98,8.86,8.98,8912958,LPB
2023-05-31,9.01,9.08,8.92,8.98,8685899,LPB
2023-06-01,9.01,9.11,8.95,9.11,6453575,LPB
2023-06-02,9.17,9.39,9.17,9.29,13184135,LPB
2023-06-05,9.42,9.48,9.32,9.48,16412324,LPB
2023-06-06,9.48,9.54,9.36,9.51,11213562,LPB
2023-06-07,9.54,9.54,9.29,9.29,8126409,LPB
2023-06-08,9.29,9.36,9.05,9.08,8977864,LPB
2023-06-09,9.08,9.39,9.01,9.39,7829505,LPB
2023-06-12,9.42,9.42,9.23,9.42,8054829,LPB
2023-06-13,9.42,9.45,9.26,9.26,3724567,LPB
2023-06-14,9.26,9.36,9.2,9.2,3993915,LPB
2023-06-15,9.2,9.2,9.05,9.08,5134537,LPB
2023-06-16,9.2,9.29,9.08,9.14,4824213,LPB
2023-06-19,9.17,9.26,9.11,9.11,5254546,LPB
2023-06-20,9.14,9.29,9.14,9.2,3832452,LPB
2023-06-21,9.29,9.48,9.2,9.32,10823406,LPB
2023-06-22,9.39,9.51,9.39,9.42,11210280,LPB
2023-06-23,9.48,9.76,9.45,9.51,16974031,LPB
2023-06-26,9.51,9.63,9.29,9.48,5640184,LPB
2023-06-27,9.51,9.6,9.45,9.45,4650238,LPB
2023-06-28,9.48,9.6,9.45,9.48,6133979,LPB
2023-06-29,9.57,9.57,9.39,9.39,6887953,LPB
2023-06-30,9.39,9.45,9.36,9.39,2666229,LPB
2023-07-03,9.42,9.6,9.42,9.48,6839254,LPB
2023-07-04,9.54,9.6,9.42,9.57,5859459,LPB
2023-07-05,9.63,9.79,9.57,9.63,11593460,LPB
2023-07-06,9.66,9.79,9.51,9.6,6298901,LPB
2023-07-07,9.57,9.97,9.57,9.97,13490580,LPB
2023-07-10,10.01,10.35,9.97,10.1,19508032,LPB
2023-07-11,10.13,10.35,10.04,10.04,14047256,LPB
2023-07-12,10.01,10.38,9.73,9.73,13463341,LPB
2023-07-13,9.91,10.07,9.88,9.91,8033162,LPB
2023-07-14,10.04,10.07,9.66,9.7,13125713,LPB
2023-07-17,9.7,10.1,9.7,9.91,9904694,LPB
2023-07-18,9.94,10.16,9.91,10.01,9247424,LPB
2023-07-19,10.01,10.35,10.01,10.1,10876666,LPB
2023-07-20,10.13,10.19,10.01,10.07,4609280,LPB
2023-07-21,9.97,10.16,9.97,10.07,5130871,LPB
2023-07-24,10.07,10.28,10.04,10.13,9887712,LPB
2023-07-25,10.13,10.35,10.13,10.22,7901030,LPB
2023-07-26,10.22,10.25,10.13,10.13,3732605,LPB
2023-07-27,10.16,10.35,10.1,10.22,9155809,LPB
2023-07-28,10.19,10.32,10.1,10.1,6076405,LPB
2023-07-31,10.16,10.28,10.13,10.13,5360159,LPB
2023-08-01,10.16,10.38,10.16,10.22,9369212,LPB
2023-08-02,10.25,10.53,10.22,10.38,9808687,LPB
2023-08-03,10.41,10.59,10.41,10.5,8058378,LPB
2023-08-04,10.53,10.69,10.5,10.69,5031583,LPB
2023-08-07,10.72,11.43,10.72,11.43,20360324,LPB
2023-08-08,11.55,11.99,11.55,11.77,11418629,LPB
2023-08-09,11.9,11.9,11.65,11.71,4075966,LPB
2023-08-10,11.77,11.77,11.46,11.52,3763774,LPB
2023-08-11,11.46,11.59,11.4,11.52,4541652,LPB
2023-08-14,11.52,11.74,11.52,11.68,4383692,LPB
2023-08-15,11.68,11.74,11.65,11.71,4068374,LPB
2023-08-16,11.71,11.9,11.65,11.74,7098634,LPB
2023-08-17,11.74,11.96,11.74,11.8,9195898,LPB
2023-08-18,11.77,12.14,11.15,11.31,16225910,LPB
2023-08-21,11.4,12.08,11.4,12.02,27624307,LPB
2023-08-22,12.64,12.64,11.64,12.24,9441438,LPB
2023-08-23,12.44,12.48,12.2,12.24,3713972,LPB
2023-08-24,12.24,12.68,12.24,12.48,6595996,LPB
2023-08-25,12.52,12.76,12.44,12.52,6039834,LPB
2023-08-28,12.56,12.76,12.52,12.6,4753615,LPB
2023-08-29,12.68,12.76,12.6,12.64,7697607,LPB
2023-08-30,12.72,12.84,12.68,12.68,4376157,LPB
2023-08-31,12.76,12.84,12.6,12.8,5686779,LPB
2023-09-05,12.84,12.96,12.76,12.84,4451893,LPB
2023-09-06,12.84,12.96,12.8,12.88,3173695,LPB
2023-09-07,12.96,13.0,12.84,12.88,5534742,LPB
2023-09-08,12.84,12.92,12.8,12.84,2197947,LPB
2023-09-11,12.84,13.0,12.8,12.92,14495881,LPB
2023-09-12,12.92,13.08,12.88,13.0,3011544,LPB
2023-09-13,13.08,13.12,12.96,13.0,2772199,LPB
2023-09-14,13.0,13.08,12.68,12.76,1982531,LPB
2023-09-15,12.76,13.2,12.56,12.56,5333473,LPB
2023-09-18,12.56,12.6,12.28,12.28,1699945,LPB
2023-09-19,12.32,12.4,12.04,12.16,5222798,LPB
2023-09-20,12.36,12.36,12.16,12.28,2281205,LPB
2023-09-21,12.2,12.28,11.96,11.96,3289446,LPB
2023-09-22,11.8,11.88,11.21,11.48,4933967,LPB
2023-09-25,11.48,11.48,10.85,10.85,3682842,LPB
2023-09-26,10.85,10.97,10.53,10.53,2885523,LPB
2023-09-27,10.53,10.69,10.37,10.57,2780315,LPB
2023-09-28,10.61,10.85,10.61,10.85,2693269,LPB
2023-09-29,10.93,11.25,10.93,11.05,2531948,LPB
2023-10-02,11.05,11.13,10.89,10.89,1524348,LPB
2023-10-03,10.89,10.89,10.45,10.49,2956585,LPB
2023-10-04,10.37,10.93,10.37,10.77,1934803,LPB
2023-10-05,10.77,10.93,10.77,10.85,1969952,LPB
2023-10-06,10.93,11.01,10.85,10.97,5452807,LPB
2023-10-09,11.01,11.25,10.97,11.25,2953429,LPB
2023-10-10,11.25,11.33,11.21,11.29,3944366,LPB
2023-10-11,11.33,11.37,11.25,11.33,1907290,LPB
2023-10-12,11.33,11.44,11.33,11.33,3533609,LPB
2023-10-13,11.25,11.4,11.21,11.33,1863488,LPB
2023-10-16,11.33,11.37,11.17,11.29,2730644,LPB
2023-10-17,11.25,11.44,11.17,11.17,2381821,LPB
2023-10-18,11.17,11.4,11.09,11.17,4020000,LPB
2023-10-19,11.17,11.4,11.17,11.21,2773362,LPB
2023-10-20,11.21,11.6,11.21,11.6,4024522,LPB
2023-10-23,11.64,11.88,11.56,11.72,2595373,LPB
2023-10-24,11.72,11.88,11.68,11.76,2523319,LPB
2023-10-25,11.76,12.04,11.76,11.84,2393140,LPB
2023-10-26,11.68,11.84,11.09,11.4,6750799,LPB
2023-10-27,11.48,12.2,11.48,12.2,6445299,LPB
2023-10-30,12.24,12.44,11.52,11.52,1803308,LPB
2023-10-31,11.56,12.04,11.56,11.68,3681831,LPB
2023-11-01,11.72,12.04,11.72,12.04,1945551,LPB
2023-11-02,12.08,12.32,12.04,12.28,2029464,LPB
2023-11-03,12.36,12.4,12.12,12.16,3399127,LPB
2023-11-06,12.28,12.52,12.16,12.28,4486366,LPB
2023-11-07,12.28,12.52,12.24,12.36,1765719,LPB
2023-11-08,12.36,12.56,12.28,12.56,2271639,LPB
2023-11-09,12.6,12.68,12.44,12.52,2156990,LPB
2023-11-10,12.4,12.48,12.2,12.2,2197349,LPB
2023-11-13,12.28,12.32,12.2,12.2,1425754,LPB
2023-11-14,12.28,12.76,12.28,12.52,5225312,LPB
2023-11-15,12.68,12.72,12.48,12.52,2335947,LPB
2023-11-16,12.52,12.52,12.4,12.48,1236095,LPB
2023-11-17,12.44,12.6,12.24,12.24,2537768,LPB
2023-11-20,12.16,12.4,12.12,12.24,1884694,LPB
2023-11-21,12.32,12.44,12.28,12.44,2393858,LPB
2023-11-22,12.44,12.48,12.32,12.32,1686483,LPB
2023-11-23,12.36,12.44,11.96,11.96,2583826,LPB
2023-11-24,12.04,12.24,12.0,12.08,1602726,LPB
2023-11-27,12.08,12.2,11.8,11.8,1589425,LPB
2023-11-28,11.8,11.96,11.56,11.96,1696684,LPB
2023-11-29,11.96,12.4,11.96,12.12,5195830,LPB
2023-11-30,12.16,12.44,12.12,12.2,4593475,LPB
2023-12-01,12.24,12.36,12.12,12.2,1207646,LPB
2023-12-04,12.28,12.32,12.16,12.2,3431526,LPB
2023-12-05,12.24,12.32,12.12,12.24,3203026,LPB
2023-12-06,12.24,12.76,12.24,12.56,10771848,LPB
2023-12-07,12.6,12.84,12.6,12.76,10703962,LPB
2023-12-08,12.8,13.16,12.76,13.04,9420322,LPB
2023-12-11,13.08,13.2,12.88,12.92,6824334,LPB
2023-12-12,12.96,13.08,12.76,12.8,3453047,LPB
2023-12-13,12.8,12.96,12.52,12.6,2616589,LPB
2023-12-14,12.52,12.76,12.48,12.48,1863952,LPB
2023-12-15,12.52,12.68,12.48,12.52,1609907,LPB
2023-12-18,12.52,12.64,12.32,12.32,2107406,LPB
2023-12-19,12.24,12.44,12.12,12.2,2018972,LPB
2023-12-20,12.2,12.44,12.2,12.28,1107499,LPB
2023-12-21,12.28,12.4,12.16,12.24,1515558,LPB
2023-12-22,12.24,12.56,12.24,12.44,2093733,LPB
2023-12-25,12.56,12.56,12.28,12.44,1288102,LPB
2023-12-26,12.56,12.64,12.48,12.48,1835232,LPB
2023-12-27,12.64,12.64,12.48,12.52,2319342,LPB
2023-12-28,12.6,12.72,12.48,12.6,2348004,LPB
2023-12-29,12.52,12.76,12.52,12.56,1719463,LPB
2024-01-02,12.6,13.0,12.6,12.8,3860817,LPB
2024-01-03,12.88,12.96,12.76,12.96,2852496,LPB
2024-01-04,13.0,13.44,12.92,13.16,7479551,LPB
2024-01-05,13.4,13.4,13.12,13.24,2313500,LPB
2024-01-08,13.28,13.48,13.2,13.2,4508044,LPB
2024-01-09,13.32,13.32,13.0,13.12,2574778,LPB
2024-01-10,13.12,13.32,13.08,13.16,4069274,LPB
2024-01-11,13.16,13.56,13.12,13.2,6898475,LPB
2024-01-12,12.96,13.28,12.88,13.24,10246595,LPB
2024-01-15,13.56,13.6,13.24,13.24,6150491,LPB
2024-01-16,13.2,13.52,13.2,13.32,6532557,LPB
2024-01-17,13.36,13.88,13.32,13.48,16202477,LPB
2024-01-18,13.6,14.04,13.52,13.88,12970971,LPB
2024-01-19,13.96,14.04,13.8,13.88,4418220,LPB
2024-01-22,14.0,14.0,13.64,13.76,4692228,LPB
2024-01-23,13.88,13.88,13.72,13.76,3047775,LPB
2024-01-24,13.76,13.88,13.68,13.8,3447595,LPB
2024-01-25,13.84,13.92,13.76,13.92,4006286,LPB
2024-01-26,13.96,14.0,13.88,13.92,2119573,LPB
2024-01-29,13.88,14.36,13.84,14.04,9894493,LPB
2024-01-30,14.08,14.44,14.08,14.16,6967787,LPB
2024-01-31,14.24,14.28,14.04,14.08,7777179,LPB
2024-02-01,14.16,14.64,14.08,14.28,7873106,LPB
2024-02-02,14.28,14.52,14.2,14.2,5084235,LPB
2024-02-05,14.12,14.64,14.12,14.52,3816566,LPB
2024-02-06,14.56,14.71,14.36,14.44,1958763,LPB
2024-02-07,14.44,14.56,14.28,14.48,3171132,LPB
2024-02-15,14.67,14.67,14.48,14.52,2226711,LPB
2024-02-16,14.52,14.56,14.2,14.32,3627977,LPB
2024-02-19,14.24,14.32,14.08,14.12,3412092,LPB
2024-02-20,14.12,14.24,14.12,14.16,1848369,LPB
2024-02-21,14.24,14.32,14.12,14.16,2378139,LPB
2024-02-22,14.16,14.28,14.08,14.12,2328890,LPB
2024-02-23,14.12,14.4,13.64,13.64,5587480,LPB
2024-02-26,13.68,13.84,13.68,13.72,1660363,LPB
2024-02-27,13.84,13.96,13.72,13.72,2492177,LPB
2024-02-28,13.88,13.92,13.8,13.8,2817122,LPB
2024-02-29,13.88,13.92,13.64,13.64,3019678,LPB
2024-03-01,13.64,13.76,13.56,13.6,3423067,LPB
2024-03-04,13.64,13.84,13.6,13.72,4162685,LPB
2024-03-05,13.8,14.08,13.76,14.08,4371291,LPB
2024-03-06,14.24,14.75,14.2,14.24,7872888,LPB
2024-03-07,14.28,14.28,14.12,14.12,2986371,LPB
2024-03-08,14.12,14.2,13.6,13.64,6065260,LPB
2024-03-11,13.68,13.72,13.16,13.2,5752604,LPB
2024-03-12,13.2,13.48,13.16,13.44,3745986,LPB
2024-03-13,13.56,13.6,13.4,13.56,3638212,LPB
2024-03-14,13.64,13.64,13.36,13.36,2646897,LPB
2024-03-15,13.36,13.36,13.16,13.2,5228290,LPB
2024-03-18,13.16,13.28,12.6,12.8,6627489,LPB
2024-03-19,12.8,12.96,12.76,12.88,1632789,LPB
2024-03-20,12.92,13.56,12.88,13.56,6338792,LPB
2024-03-21,13.56,13.64,13.36,13.44,3612306,LPB
2024-03-22,13.56,13.64,13.4,13.4,3856273,LPB
2024-03-25,13.44,13.48,13.2,13.2,3567757,LPB
2024-03-26,13.28,13.48,13.16,13.44,2798737,LPB
2024-03-27,13.56,13.56,13.36,13.36,2537049,LPB
2024-03-28,13.44,13.52,13.4,13.48,4300393,LPB
2024-03-29,13.48,14.0,13.48,14.0,7976386,LPB
2024-04-01,13.8,14.0,13.72,13.8,2928481,LPB
2024-04-02,13.72,13.96,13.6,13.84,7263756,LPB
2024-04-03,13.96,14.0,13.76,13.76,4240934,LPB
2024-04-04,13.76,13.84,13.6,13.6,3479284,LPB
2024-04-05,13.56,13.76,13.44,13.64,3022122,LPB
2024-04-08,13.72,13.96,13.64,13.84,3202197,LPB
2024-04-09,13.84,14.79,13.84,14.79,9845749,LPB
2024-04-10,14.99,15.15,14.91,14.95,13020794,LPB
2024-04-11,14.91,15.15,14.6,14.6,7387885,LPB
2024-04-12,14.71,15.59,14.67,15.59,15116213,LPB
2024-04-15,15.59,16.23,14.52,14.91,10461255,LPB
2024-04-16,14.91,15.59,14.91,15.51,10904965,LPB
2024-04-17,15.71,16.03,15.27,16.03,15305960,LPB
2024-04-19,15.63,16.03,14.91,16.03,14683425,LPB
2024-04-22,16.03,16.23,15.71,16.19,8192822,LPB
2024-04-23,16.23,16.43,16.07,16.35,7832966,LPB
2024-04-24,16.43,16.79,16.35,16.79,5705685,LPB
2024-04-25,16.91,16.95,16.43,16.59,4991372,LPB
2024-04-26,16.59,16.67,15.91,16.67,5822424,LPB
2024-05-02,16.67,16.75,16.35,16.35,2189798,LPB
2024-05-03,16.27,16.59,15.95,16.11,3568722,LPB
2024-05-06,16.11,16.39,16.11,16.19,3206488,LPB
2024-05-07,16.23,16.63,16.11,16.27,3632596,LPB
2024-05-08,16.27,16.67,16.19,16.19,3566714,LPB
2024-05-09,16.35,16.35,15.87,15.95,3586437,LPB
2024-05-10,15.95,16.19,15.95,16.03,2002279,LPB
2024-05-13,16.07,16.07,15.83,15.87,3088288,LPB
2024-05-14,15.91,16.07,15.83,16.03,2951012,LPB
2024-05-15,16.03,16.71,16.03,16.43,11546566,LPB
2024-05-16,16.71,17.55,16.55,17.55,12603636,LPB
2024-05-17,17.79,18.58,17.71,18.5,9843149,LPB
2024-05-20,18.74,18.98,18.18,18.34,7094764,LPB
2024-05-21,18.5,18.5,18.02,18.18,5857405,LPB
2024-05-22,18.26,18.98,18.14,18.54,5276896,LPB
2024-05-23,18.54,18.7,18.26,18.58,2883309,LPB
2024-05-24,18.54,19.1,17.71,18.74,7737752,LPB
2024-05-27,18.5,18.74,18.46,18.7,1747834,LPB
2024-05-28,18.98,19.98,18.78,19.98,14984796,LPB
2024-05-29,20.3,21.06,19.94,20.74,10422067,LPB
2024-05-30,20.5,21.14,20.34,20.78,7081863,LPB
2024-05-31,20.98,20.98,20.46,20.58,4372475,LPB
2024-06-03,20.86,20.9,20.5,20.58,4495868,LPB
2024-06-04,20.7,20.7,20.38,20.58,4078375,LPB
2024-06-05,20.66,20.66,20.06,20.54,7698406,LPB
2024-06-06,20.54,21.37,20.42,20.82,6045733,LPB
2024-06-07,20.94,21.21,20.66,20.86,2027622,LPB
2024-06-10,20.98,21.17,20.78,20.94,3630481,LPB
2024-06-11,21.14,21.14,20.5,20.5,5283289,LPB
2024-06-12,20.5,21.1,20.26,20.82,5443422,LPB
2024-06-13,20.9,21.21,20.82,21.21,3199775,LPB
2024-06-14,21.37,22.21,21.25,21.93,8198669,LPB
2024-06-17,22.01,22.01,21.45,21.69,4135823,LPB
2024-06-18,21.69,21.77,21.29,21.61,3418319,LPB
2024-06-19,21.61,21.65,21.21,21.57,4029852,LPB
2024-06-20,21.61,22.17,21.49,21.57,2616077,LPB
2024-06-21,21.85,22.97,21.61,22.97,12565740,LPB
2024-06-24,23.29,23.37,21.93,22.53,6145650,LPB
2024-06-25,22.33,22.97,22.25,22.61,3510889,LPB
2024-06-26,22.61,23.17,22.57,22.93,4505475,LPB
2024-06-27,22.93,23.13,22.17,22.85,2532948,LPB
2024-06-28,22.81,22.97,21.93,22.49,3932492,LPB
2024-07-01,22.49,22.49,22.01,22.25,3136876,LPB
2024-07-02,22.73,23.69,22.29,23.61,6736573,LPB
2024-07-03,23.85,24.13,23.73,24.09,7643426,LPB
2024-07-04,24.17,25.0,23.85,25.0,4610094,LPB
2024-07-05,25.0,26.32,24.68,25.68,10877287,LPB
2024-07-08,25.84,26.16,25.36,25.72,6037319,LPB
2024-07-09,25.68,25.92,25.24,25.48,5548958,LPB
2024-07-10,25.48,25.48,24.88,24.88,3948294,LPB
2024-07-11,24.88,25.36,24.48,24.92,3435379,LPB
2024-07-12,25.04,25.28,24.64,24.92,4556704,LPB
2024-07-15,25.2,25.32,24.72,25.04,1693665,LPB
2024-07-16,25.28,25.48,24.88,25.2,2869905,LPB
2024-07-17,25.2,25.52,24.48,25.52,7467723,LPB
2024-07-18,25.52,25.52,24.96,25.44,1623877,LPB
2024-07-19,25.52,26.32,25.48,25.68,4691088,LPB
2024-07-22,25.36,25.84,24.44,25.32,9171486,LPB
2024-07-23,25.36,25.76,24.84,25.32,6706753,LPB
2024-07-24,25.12,25.32,24.72,24.88,4344764,LPB
2024-07-25,24.8,24.92,24.25,24.25,3164679,LPB
2024-07-26,24.17,24.17,23.09,23.45,14361256,LPB
2024-07-29,23.29,23.93,23.29,23.77,1262908,LPB
2024-07-30,23.85,23.89,23.25,23.53,1528370,LPB
2024-07-31,23.53,23.53,23.21,23.25,2691822,LPB
2024-08-01,23.37,23.69,22.65,23.13,3878365,LPB
2024-08-02,22.81,23.13,22.45,22.73,3047572,LPB
2024-08-05,23.09,23.09,21.17,21.61,5594213,LPB
2024-08-06,21.77,22.45,21.69,22.21,3568253,LPB
2024-08-07,22.37,22.85,22.37,22.53,1910803,LPB
2024-08-08,22.45,22.65,22.41,22.61,2608360,LPB
2024-08-09,22.97,22.97,22.53,22.65,3077036,LPB
2024-08-12,22.81,22.97,22.57,22.81,1728293,LPB
2024-08-13,22.89,23.37,22.77,22.97,2487697,LPB
2024-08-14,23.13,23.29,22.81,22.97,2103192,LPB
2024-08-15,23.05,23.45,22.89,23.45,4395130,LPB
2024-08-16,23.57,24.6,23.57,24.6,3149536,LPB
2024-08-19,24.68,25.36,24.68,25.12,3905442,LPB
2024-08-20,25.2,25.32,24.88,24.88,3479055,LPB
2024-08-21,25.0,25.2,24.6,25.16,3065269,LPB
2024-08-22,25.04,25.32,24.8,25.28,2159720,LPB
2024-08-23,25.36,25.76,25.04,25.12,2258068,LPB
2024-08-26,25.04,25.28,24.92,25.12,1282000,LPB
2024-08-27,24.96,25.28,24.88,24.96,1082829,LPB
2024-08-28,24.96,25.24,24.84,25.04,2366942,LPB
2024-08-29,25.2,25.72,25.12,25.12,4973792,LPB
2024-08-30,25.24,25.32,24.84,25.04,2133582,LPB
2024-09-04,24.8,25.04,24.6,24.6,2078375,LPB
2024-09-05,24.68,24.88,24.21,24.56,2614366,LPB
2024-09-06,24.52,24.88,24.52,24.76,1335238,LPB
2024-09-09,24.84,24.84,24.56,24.56,702757,LPB
2024-09-10,24.64,24.88,24.48,24.68,1280767,LPB
2024-09-11,24.68,24.72,24.41,24.56,899338,LPB
2024-09-12,24.72,24.76,24.48,24.48,814593,LPB
2024-09-13,24.48,24.64,24.29,24.29,674680,LPB
2024-09-16,24.29,24.56,24.09,24.09,1229605,LPB
2024-09-17,24.09,24.48,24.09,24.48,1004927,LPB
2024-09-18,24.64,24.64,24.29,24.41,1688000,LPB
2024-09-19,24.41,24.6,24.29,24.48,945020,LPB
2024-09-20,24.72,25.08,24.64,24.88,4282749,LPB
2024-09-23,24.92,25.28,24.84,25.04,2528996,LPB
2024-09-24,25.04,25.28,24.88,25.28,1879814,LPB
2024-09-25,25.6,25.6,25.24,25.36,4191448,LPB
2024-09-26,25.52,25.76,25.32,25.6,4220597,LPB
2024-09-27,25.6,25.96,25.36,25.68,3672875,LPB
2024-09-30,25.72,25.8,25.32,25.48,2210747,LPB
2024-10-01,25.48,25.52,25.16,25.28,3928029,LPB
2024-10-02,25.28,25.36,25.08,25.08,1392026,LPB
2024-10-03,25.08,25.48,24.92,25.0,2304928,LPB
2024-10-04,24.96,25.12,24.76,25.12,2571712,LPB
2024-10-07,25.4,25.52,25.24,25.32,1344683,LPB
2024-10-08,25.36,26.96,25.36,26.56,15970207,LPB
2024-10-09,26.72,26.88,26.6,26.8,1805439,LPB
2024-10-10,26.96,27.32,26.48,26.56,4583301,LPB
2024-10-11,26.56,26.72,26.16,26.2,2064604,LPB
2024-10-14,26.28,26.36,25.8,25.88,3363384,LPB
2024-10-15,25.96,26.12,25.68,25.68,1868395,LPB
2024-10-16,25.56,25.72,25.32,25.32,2762506,LPB
2024-10-17,25.36,25.6,25.28,25.6,1398270,LPB
2024-10-18,25.8,26.12,25.6,25.8,1691214,LPB
2024-10-21,25.84,25.92,25.6,25.68,1461400,LPB
2024-10-22,25.68,25.72,24.96,25.28,4140538,LPB
2024-10-23,25.4,25.52,25.2,25.4,1584672,LPB
2024-10-24,25.56,25.76,25.36,25.36,1329642,LPB
2024-10-25,25.44,25.64,25.28,25.6,1120648,LPB
2024-10-28,25.76,25.84,25.52,25.68,923581,LPB
2024-10-29,25.72,25.8,25.68,25.76,787078,LPB
2024-10-30,25.84,26.12,25.8,25.96,1330698,LPB
2024-10-31,26.0,26.28,25.92,26.28,1352214,LPB
2024-11-01,26.28,26.32,26.08,26.16,1565926,LPB
2024-11-04,26.16,26.32,25.76,25.8,1169964,LPB
2024-11-05,25.88,26.2,25.84,25.84,1234100,LPB
2024-11-06,26.16,26.16,25.8,25.96,493686,LPB
2024-11-07,25.96,26.16,25.92,26.0,885147,LPB
2024-11-08,26.04,26.04,25.6,25.68,1475349,LPB
2024-11-11,25.68,25.72,25.28,25.32,1547785,LPB
2024-11-12,25.52,25.72,25.16,25.28,1122057,LPB
2024-11-13,25.32,25.44,25.04,25.36,1167253,LPB
2024-11-14,25.48,25.52,25.0,25.04,958226,LPB
2024-11-15,25.04,25.16,24.68,25.08,1815371,LPB
2024-11-18,25.12,25.44,24.84,25.08,1492214,LPB
2024-11-19,25.08,25.2,24.88,24.96,595836,LPB
2024-11-20,25.04,25.2,24.8,25.16,1130388,LPB
2024-11-21,25.2,25.28,25.08,25.28,621125,LPB
2024-11-22,25.32,25.44,25.24,25.4,768196,LPB
2024-11-25,25.44,25.44,25.32,25.4,313881,LPB
2024-11-26,25.44,25.48,25.32,25.44,793393,LPB
2024-11-27,25.48,25.92,25.44,25.76,1138187,LPB
2024-11-28,25.92,26.12,25.52,25.52,1804266,LPB
2024-11-29,25.56,25.92,25.56,25.72,896191,LPB
2024-12-02,25.8,26.8,25.8,26.52,6923635,LPB
2024-12-03,26.6,27.28,26.6,27.08,4701124,LPB
2024-12-04,27.12,27.48,26.56,26.68,3126508,LPB
2024-12-05,26.76,27.16,26.68,26.88,2379259,LPB
2024-12-06,27.12,27.6,26.88,27.32,2746124,LPB
2024-12-09,27.52,27.6,27.16,27.24,1617245,LPB
2024-12-10,27.28,27.44,27.16,27.16,1093383,LPB
2024-12-11,27.2,27.44,26.76,26.8,1870827,LPB
2024-12-12,26.84,26.92,26.4,26.4,2415885,LPB
2024-12-13,26.48,26.68,26.24,26.44,1282293,LPB
2024-12-16,26.6,26.76,26.36,26.44,885016,LPB
2024-12-17,26.52,26.56,26.28,26.52,1037319,LPB
2024-12-18,26.56,26.96,26.56,26.88,2078473,LPB
2024-12-19,26.88,26.92,26.36,26.64,1535371,LPB
2024-12-20,26.64,26.76,26.36,26.64,972757,LPB
2024-12-23,26.8,26.84,26.52,26.72,1036169,LPB
2024-12-24,26.76,26.8,26.4,26.76,1255787,LPB
2024-12-25,26.8,27.6,26.76,27.32,4656288,LPB
2024-12-26,27.44,27.48,27.04,27.04,2061690,LPB
2024-12-27,27.29,28.88,27.2,28.88,9368621,LPB
2024-12-30,29.16,29.62,28.92,29.39,3352124,LPB
2024-12-31,29.39,29.48,29.06,29.11,2472496,LPB
2025-01-02,29.25,29.25,28.74,29.11,2570836,LPB
2025-01-03,29.16,29.16,28.22,28.32,4898969,LPB
2025-01-06,28.36,28.6,27.94,28.22,2192306,LPB
2025-01-07,28.27,28.88,28.18,28.6,1885377,LPB
2025-01-08,28.64,28.88,28.41,28.78,905741,LPB
2025-01-09,28.83,28.88,28.46,28.5,1025854,LPB
2025-01-10,28.55,28.55,27.99,28.13,1887168,LPB
2025-01-13,28.13,28.6,27.67,28.6,2609588,LPB
2025-01-14,28.6,29.2,28.6,28.74,1099306,LPB
2025-01-15,28.92,29.02,28.64,28.88,1016603,LPB
2025-01-16,29.06,29.62,29.02,29.3,1236768,LPB
2025-01-17,29.34,29.81,29.16,29.71,1841505,LPB
2025-01-20,29.71,29.99,29.48,29.48,1250062,LPB
2025-01-21,29.53,29.9,29.53,29.67,2018981,LPB
2025-01-22,29.76,31.16,29.76,31.11,6974107,LPB
2025-01-23,31.3,33.16,31.3,32.88,5490119,LPB
2025-01-24,32.93,33.63,32.84,33.39,14666497,LPB
2025-02-03,33.39,33.39,32.46,32.7,4009761,LPB
2025-02-04,33.35,33.35,32.28,32.7,2683934,LPB
2025-02-05,32.88,33.63,32.79,33.44,5873046,LPB
2025-02-06,33.53,34.23,33.44,34.0,3452041,LPB
2025-02-07,34.0,34.47,33.72,34.0,2459685,LPB
2025-02-10,33.91,34.28,33.49,34.05,2448222,LPB
2025-02-11,34.05,34.51,33.91,34.47,2460669,LPB
2025-02-12,34.51,35.3,34.51,34.79,2737522,LPB
2025-02-13,34.79,35.26,34.51,35.12,2539761,LPB
2025-02-14,35.68,35.68,34.65,34.93,2778152,LPB
2025-02-17,34.93,35.02,34.56,34.7,1593750,LPB
2025-02-18,34.88,34.88,34.0,34.09,3468499,LPB
2025-02-19,34.14,34.47,33.81,34.19,3514088,LPB
2025-02-20,34.19,34.47,33.77,33.81,3892939,LPB
2025-02-21,33.91,34.23,33.81,33.91,1528767,LPB
2025-02-24,33.86,34.42,33.67,34.28,4045128,LPB
2025-02-25,34.37,34.7,34.28,34.33,3531481,LPB
2025-02-26,34.56,34.65,34.09,34.37,2233719,LPB
2025-02-27,34.37,34.37,33.81,34.23,2385626,LPB
2025-02-28,34.14,34.19,33.58,33.67,2998966,LPB
2025-03-03,33.77,33.77,33.16,33.44,3783803,LPB
2025-03-04,33.3,33.35,32.74,33.07,5109102,LPB
2025-03-05,33.07,34.09,33.07,33.35,2322263,LPB
2025-03-06,33.58,33.58,33.07,33.11,1829012,LPB
2025-03-07,33.07,33.49,32.98,32.98,3127803,LPB
2025-03-10,32.98,33.39,32.42,32.42,4067031,LPB
2025-03-11,32.28,32.51,31.76,32.28,3777031,LPB
2025-03-12,32.28,32.93,31.9,32.88,2721597,LPB
2025-03-13,32.88,33.02,32.51,32.88,2548297,LPB
2025-03-14,32.98,32.98,32.56,32.56,1435880,LPB
2025-03-17,32.56,32.6,32.09,32.32,2033686,LPB
2025-03-18,32.32,33.39,32.04,32.98,5129008,LPB
2025-03-19,32.98,33.81,32.98,33.49,6292091,LPB
2025-03-20,33.72,33.72,33.11,33.11,2565735,LPB
2025-03-21,33.11,33.11,32.42,32.42,2546556,LPB
2025-03-24,32.42,32.42,31.39,31.81,8074015,LPB
2025-03-25,31.81,32.0,31.48,31.67,2533434,LPB
2025-03-26,31.67,31.81,31.16,31.16,2581228,LPB
2025-03-27,31.3,31.3,30.74,30.74,1952703,LPB
2025-03-28,30.74,31.21,30.74,31.16,1421365,LPB
2025-03-31,31.16,31.16,30.55,30.97,2414906,LPB
2025-04-01,30.97,31.21,30.93,31.11,1108014,LPB
2025-04-02,31.21,31.3,30.83,30.83,1854506,LPB
2025-04-03,30.65,30.65,28.69,28.69,6205522,LPB
2025-04-04,27.01,30.69,27.01,30.69,9438931,LPB
2025-04-08,30.69,30.69,28.55,29.06,3774026,LPB
2025-04-09,28.32,30.27,27.94,29.34,5336364,LPB
2025-04-10,31.39,31.39,31.39,31.39,475841,LPB
2025-04-11,29.81,31.9,29.81,31.86,7074578,LPB
2025-04-14,31.58,31.67,31.39,31.53,2162566,LPB
2025-04-15,31.3,31.58,30.32,30.88,3980555,LPB
2025-04-16,30.74,31.16,30.41,30.41,1647095,LPB
2025-04-17,30.74,32.14,30.51,31.3,4121444,LPB
2025-04-18,31.48,32.18,31.34,31.58,4147085,LPB
2025-04-21,31.62,31.62,30.74,30.79,2598389,LPB
2025-04-22,30.69,31.07,28.64,30.97,4882730,LPB
2025-04-23,31.11,31.48,31.02,31.02,2720219,LPB
2025-04-24,30.93,31.16,30.74,30.74,2143761,LPB
2025-04-25,30.55,30.88,29.85,30.09,6343435,LPB
2025-04-28,30.65,30.65,29.9,30.55,1558116,LPB
2025-04-29,30.55,30.97,30.32,30.32,1144622,LPB
2025-05-05,30.27,30.51,29.81,29.95,1497068,LPB
2025-05-06,30.09,30.23,29.58,29.58,2703957,LPB
2025-05-07,29.67,30.13,29.53,29.99,2003316,LPB
2025-05-08,30.51,31.3,30.51,30.79,3866126,LPB
2025-05-09,31.21,32.88,31.02,32.14,4979614,LPB
2025-05-12,32.6,32.79,32.37,32.42,4182914,LPB
2025-05-13,32.6,32.65,32.14,32.37,3066701,LPB
2025-05-14,32.56,33.25,32.42,33.25,4475941,LPB
2025-05-15,33.35,34.51,33.35,34.51,8891863,LPB
2025-05-16,34.51,35.07,34.0,34.0,4566935,LPB
2025-05-19,34.0,34.0,32.65,32.7,5475419,LPB
2025-05-20,32.65,33.0,32.1,32.95,3567785,LPB
2025-05-21,33.0,33.5,32.5,32.55,2434667,LPB
2025-05-22,32.6,32.6,31.85,31.9,3097414,LPB
2025-05-23,31.95,32.15,31.85,31.95,1552569,LPB
2025-05-26,32.1,32.65,31.3,32.5,2531249,LPB
2025-05-27,32.6,32.6,32.1,32.2,1922951,LPB
2025-05-28,32.4,32.4,31.9,31.95,2138146,LPB
2025-05-29,32.1,32.3,31.95,32.0,1465788,LPB
2025-05-30,32.1,32.15,31.6,31.8,1471900,LPB
2025-06-02,31.8,32.05,31.4,32.0,2160000,LPB
2025-06-03,32.3,32.3,31.95,32.0,1855500,LPB
2025-06-04,32.05,32.2,31.75,31.75,1580200,LPB
2025-06-05,31.9,31.9,31.6,31.8,1357500,LPB
2025-06-06,31.8,31.85,31.2,31.2,2400100,LPB
2025-06-09,31.2,31.5,30.7,31.25,1903600,LPB
2025-06-10,31.5,32.2,31.3,31.45,2437300,LPB
2025-06-11,31.5,31.7,31.4,31.45,952800,LPB
2025-06-12,31.9,32.0,31.5,31.65,1431600,LPB
2025-06-13,31.6,32.05,31.4,31.6,3082200,LPB
2025-06-16,31.7,31.95,31.55,31.65,1818200,LPB
2025-06-17,31.95,32.5,31.8,32.35,4079500,LPB
2025-06-18,32.5,32.5,31.9,31.95,1946800,LPB
2025-06-19,32.0,32.5,31.8,32.4,2732400,LPB
2025-06-20,32.55,32.55,31.9,31.9,2055100,LPB
2025-06-23,31.9,31.9,31.35,31.6,2182600,LPB
2025-06-24,31.8,32.05,31.7,31.8,1406600,LPB
2025-06-25,32.0,32.3,31.6,31.8,1439900,LPB
2025-06-26,31.8,32.0,31.5,31.8,1075600,LPB
2025-06-27,31.9,32.05,31.65,31.95,1847400,LPB
2025-06-30,32.05,32.4,31.95,32.25,2645800,LPB
2025-07-01,32.35,32.4,32.05,32.15,1360000,LPB
2025-07-02,32.2,32.55,32.15,32.35,2017300,LPB
2025-07-03,32.4,32.5,32.2,32.5,2820600,LPB
2025-07-04,32.65,33.15,32.5,32.75,3006600,LPB
2025-07-07,32.9,33.5,32.75,33.5,5348000,LPB
2025-07-08,33.65,34.0,33.25,33.7,2506300,LPB
2025-07-09,33.85,34.2,33.05,33.15,3840600,LPB
2025-07-10,33.25,33.3,33.0,33.3,2842500,LPB
2025-07-11,33.35,33.5,32.95,33.0,2291500,LPB
2025-07-14,33.1,33.2,32.65,32.85,1952700,LPB
2025-07-15,32.95,33.85,32.85,33.5,5349400,LPB
2025-07-16,33.65,34.15,33.55,33.8,2823300,LPB
2025-07-17,33.95,34.0,33.65,33.65,3911000,LPB
2025-07-18,33.7,34.85,33.4,34.6,4707200,LPB
2025-07-21,35.0,36.0,34.7,35.5,4420200,LPB
2025-07-22,35.6,35.9,35.05,35.9,2666600,LPB
2025-07-23,35.95,36.0,35.25,35.25,3733400,LPB
2025-07-24,35.3,36.0,35.1,35.5,2519900,LPB
2025-07-25,35.5,35.7,35.2,35.25,3406100,LPB
2025-07-28,35.4,36.6,35.2,36.55,7287700,LPB
2025-07-29,36.65,36.75,34.3,34.3,6251200,LPB
2025-07-30,34.3,35.0,33.8,34.2,3585800,LPB
2025-07-31,34.3,34.5,33.35,34.2,4565500,LPB
2025-08-01,34.25,34.5,33.45,34.5,2853500,LPB
2025-08-04,34.45,34.85,33.8,34.7,3117800,LPB
2025-08-05,34.7,36.55,34.7,35.3,9497400,LPB
2025-08-06,35.5,36.1,35.5,36.1,4087700,LPB
2025-08-07,36.5,36.5,35.25,35.8,4516800,LPB
2025-08-08,35.8,35.85,35.0,35.4,3352400,LPB
2025-08-11,35.5,35.8,35.1,35.8,3493100,LPB
2025-08-12,35.85,38.05,35.45,38.05,9518700,LPB
2025-08-13,38.5,40.2,38.5,39.2,10589000,LPB
2025-08-14,39.85,40.55,39.6,40.2,7635400,LPB
2025-08-15,40.75,40.75,38.6,39.0,6175200,LPB
2025-08-18,39.2,40.3,38.95,40.1,4075200,LPB
2025-08-19,40.45,42.85,40.2,42.8,4876400,LPB
2025-08-20,42.9,45.75,41.0,45.75,7121900,LPB
2025-08-21,48.0,48.95,46.6,48.4,6751000,LPB
2025-08-22,48.0,48.4,45.6,47.0,6680100,LPB
2025-08-25,47.05,47.45,45.0,45.0,5165100,LPB
2025-08-26,45.2,45.65,43.8,45.5,4223100,LPB
2025-08-27,46.0,46.0,43.8,43.8,4317800,LPB
2025-08-28,43.9,45.0,43.2,44.85,2515800,LPB
2025-08-29,44.85,45.7,44.25,45.0,3254600,LPB
2025-09-03,44.95,45.6,44.0,44.7,2034200,LPB
2025-09-04,45.0,46.1,44.6,45.65,2871500,LPB
2025-09-05,45.75,46.15,44.45,44.45,3358400,LPB
2025-09-08,44.4,44.6,42.8,42.8,3480500,LPB
2025-09-09,42.85,43.6,41.55,42.3,2727100,LPB
2025-09-10,42.15,42.6,41.25,41.95,2455700,LPB
2025-09-11,42.0,44.65,40.4,44.0,3995200,LPB
2025-09-12,44.1,44.35,43.2,44.1,2584600,LPB
2025-09-15,44.3,44.75,43.55,44.55,2116100,LPB
2025-09-16,44.7,45.15,44.0,44.9,2769000,LPB
2025-09-17,45.45,45.5,44.5,45.3,2594400,LPB
2025-09-18,45.3,45.85,45.05,45.4,3114400,LPB
2025-09-19,45.7,47.15,45.1,46.5,3195400,LPB
2025-09-22,46.55,47.5,46.0,46.5,2191000,LPB
2025-09-23,46.7,47.0,45.55,46.55,1684200,LPB
2025-09-24,46.7,47.5,46.0,47.45,1732800,LPB
2025-09-25,47.55,48.75,47.45,47.95,2442300,LPB
2025-09-26,48.05,48.7,47.95,48.05,1647600,LPB
